date,time,site_name,date_time,chemical,sample_fraction,measurement,units
7/27/1999,1:45:00,CENTBSRR06,7/27/1999 1:45,Ammonia-nitrogen,Total,0.01,mg/l
7/27/1999,1:45:00,CENTBSRR06,7/27/1999 1:45,Dissolved oxygen (DO),,8.4,mg/l
7/27/1999,1:45:00,CENTBSRR06,7/27/1999 1:45,Fecal Coliform,,120,#/100ml
7/27/1999,1:45:00,CENTBSRR06,7/27/1999 1:45,Inorganic nitrogen (nitrate and nitrite),Total,0.36,mg/l
7/27/1999,1:45:00,CENTBSRR06,7/27/1999 1:45,Kjeldahl nitrogen,Total,2.05,mg/l
7/27/1999,1:45:00,CENTBSRR06,7/27/1999 1:45,pH,,8.19,None
7/27/1999,1:45:00,CENTBSRR06,7/27/1999 1:45,Phosphate-phosphorus,Dissolved,0.09,mg/l
7/27/1999,1:45:00,CENTBSRR06,7/27/1999 1:45,Phosphate-phosphorus,Total,0.33,mg/l
7/27/1999,1:45:00,CENTBSRR06,7/27/1999 1:45,Salinity,,0.5,ppth
7/27/1999,1:45:00,CENTBSRR06,7/27/1999 1:45,"Temperature, water",,28.8,deg C
7/27/1999,1:45:00,CENTBSRR06,7/27/1999 1:45,Total dissolved solids,,616,mg/l
7/27/1999,1:45:00,CENTBSRR06,7/27/1999 1:45,Total solids,,754,mg/l
7/27/1999,1:45:00,CENTBSRR06,7/27/1999 1:45,Total suspended solids,,138,mg/l
8/10/1999,12:45:00,CENTBSRR06,8/10/1999 12:45,Ammonia-nitrogen,Total,0.13,mg/l
8/10/1999,12:45:00,CENTBSRR06,8/10/1999 12:45,Dissolved oxygen (DO),,8,mg/l
8/10/1999,12:45:00,CENTBSRR06,8/10/1999 12:45,Fecal Coliform,,100,#/100ml
8/10/1999,12:45:00,CENTBSRR06,8/10/1999 12:45,Inorganic nitrogen (nitrate and nitrite),Total,0.09,mg/l
8/10/1999,12:45:00,CENTBSRR06,8/10/1999 12:45,Kjeldahl nitrogen,Total,2.53,mg/l
8/10/1999,12:45:00,CENTBSRR06,8/10/1999 12:45,pH,,8.64,None
8/10/1999,12:45:00,CENTBSRR06,8/10/1999 12:45,Phosphate-phosphorus,Dissolved,0.05,mg/l
8/10/1999,12:45:00,CENTBSRR06,8/10/1999 12:45,Phosphate-phosphorus,Total,0.34,mg/l
8/10/1999,12:45:00,CENTBSRR06,8/10/1999 12:45,Salinity,,0.5,ppth
8/10/1999,12:45:00,CENTBSRR06,8/10/1999 12:45,"Temperature, water",,26.4,deg C
8/10/1999,12:45:00,CENTBSRR06,8/10/1999 12:45,Total dissolved solids,,808,mg/l
8/10/1999,12:45:00,CENTBSRR06,8/10/1999 12:45,Total solids,,950,mg/l
8/10/1999,12:45:00,CENTBSRR06,8/10/1999 12:45,Total suspended solids,,142,mg/l
9/14/1999,12:00:00,CENTBSRR06,9/14/1999 12:00,Ammonia-nitrogen,Total,0.09,mg/l
9/14/1999,12:00:00,CENTBSRR06,9/14/1999 12:00,Dissolved oxygen (DO),,10.1,mg/l
9/14/1999,12:00:00,CENTBSRR06,9/14/1999 12:00,Fecal Coliform,,40,#/100ml
9/14/1999,12:00:00,CENTBSRR06,9/14/1999 12:00,Inorganic nitrogen (nitrate and nitrite),Total,0.25,mg/l
9/14/1999,12:00:00,CENTBSRR06,9/14/1999 12:00,Kjeldahl nitrogen,Total,2.49,mg/l
9/14/1999,12:00:00,CENTBSRR06,9/14/1999 12:00,pH,,8.94,None
9/14/1999,12:00:00,CENTBSRR06,9/14/1999 12:00,Phosphate-phosphorus,Dissolved,0.05,mg/l
9/14/1999,12:00:00,CENTBSRR06,9/14/1999 12:00,Phosphate-phosphorus,Total,0.32,mg/l
9/14/1999,12:00:00,CENTBSRR06,9/14/1999 12:00,Salinity,,0.5,ppth
9/14/1999,12:00:00,CENTBSRR06,9/14/1999 12:00,"Temperature, water",,13.8,deg C
9/14/1999,12:00:00,CENTBSRR06,9/14/1999 12:00,Total dissolved solids,,712,mg/l
9/14/1999,12:00:00,CENTBSRR06,9/14/1999 12:00,Total solids,,800,mg/l
9/14/1999,12:00:00,CENTBSRR06,9/14/1999 12:00,Total suspended solids,,88,mg/l
10/12/1999,6:30:00,CENTBSRR06,10/12/1999 6:30,Ammonia-nitrogen,Total,0.03,mg/l
10/12/1999,6:30:00,CENTBSRR06,10/12/1999 6:30,Dissolved oxygen (DO),,12,mg/l
10/12/1999,6:30:00,CENTBSRR06,10/12/1999 6:30,Fecal Coliform,,50,#/100ml
10/12/1999,6:30:00,CENTBSRR06,10/12/1999 6:30,Inorganic nitrogen (nitrate and nitrite),Total,0.11,mg/l
10/12/1999,6:30:00,CENTBSRR06,10/12/1999 6:30,Kjeldahl nitrogen,Total,1.8,mg/l
10/12/1999,6:30:00,CENTBSRR06,10/12/1999 6:30,pH,,8.93,None
10/12/1999,6:30:00,CENTBSRR06,10/12/1999 6:30,Phosphate-phosphorus,Dissolved,0.04,mg/l
10/12/1999,6:30:00,CENTBSRR06,10/12/1999 6:30,Phosphate-phosphorus,Total,0.22,mg/l
10/12/1999,6:30:00,CENTBSRR06,10/12/1999 6:30,Salinity,,0.5,ppth
10/12/1999,6:30:00,CENTBSRR06,10/12/1999 6:30,"Temperature, water",,13.3,deg C
10/12/1999,6:30:00,CENTBSRR06,10/12/1999 6:30,Total dissolved solids,,576,mg/l
10/12/1999,6:30:00,CENTBSRR06,10/12/1999 6:30,Total solids,,651,mg/l
10/12/1999,6:30:00,CENTBSRR06,10/12/1999 6:30,Total suspended solids,,75,mg/l
3/14/2000,7:45:00,CENTBSRR06,3/14/2000 7:45,Ammonia-nitrogen,Total,0.02,mg/l
3/14/2000,7:45:00,CENTBSRR06,3/14/2000 7:45,Dissolved oxygen (DO),,11.5,mg/l
3/14/2000,7:45:00,CENTBSRR06,3/14/2000 7:45,Fecal Coliform,,2,#/100ml
3/14/2000,7:45:00,CENTBSRR06,3/14/2000 7:45,Inorganic nitrogen (nitrate and nitrite),Total,0.96,mg/l
3/14/2000,7:45:00,CENTBSRR06,3/14/2000 7:45,Kjeldahl nitrogen,Total,1.29,mg/l
3/14/2000,7:45:00,CENTBSRR06,3/14/2000 7:45,pH,,8.61,None
3/14/2000,7:45:00,CENTBSRR06,3/14/2000 7:45,Phosphate-phosphorus,Total,0.26,mg/l
3/14/2000,7:45:00,CENTBSRR06,3/14/2000 7:45,Phosphate-phosphorus,Dissolved,0.1,mg/l
3/14/2000,7:45:00,CENTBSRR06,3/14/2000 7:45,Salinity,,0.5,ppth
3/14/2000,7:45:00,CENTBSRR06,3/14/2000 7:45,Specific conductance,,972,umho/cm
3/14/2000,7:45:00,CENTBSRR06,3/14/2000 7:45,"Temperature, water",,2.1,deg C
3/14/2000,7:45:00,CENTBSRR06,3/14/2000 7:45,Total dissolved solids,,628,mg/l
3/14/2000,7:45:00,CENTBSRR06,3/14/2000 7:45,Total solids,,648,mg/l
3/14/2000,7:45:00,CENTBSRR06,3/14/2000 7:45,Total suspended solids,,20,mg/l
4/11/2000,11:00:00,CENTBSRR06,4/11/2000 11:00,Ammonia-nitrogen,Total,0.02,mg/l
4/11/2000,11:00:00,CENTBSRR06,4/11/2000 11:00,Dissolved oxygen (DO),,13.1,mg/l
4/11/2000,11:00:00,CENTBSRR06,4/11/2000 11:00,Inorganic nitrogen (nitrate and nitrite),Total,0.05,mg/l
4/11/2000,11:00:00,CENTBSRR06,4/11/2000 11:00,Kjeldahl nitrogen,Total,2.04,mg/l
4/11/2000,11:00:00,CENTBSRR06,4/11/2000 11:00,pH,,8.81,None
4/11/2000,11:00:00,CENTBSRR06,4/11/2000 11:00,Phosphate-phosphorus,Total,0.25,mg/l
4/11/2000,11:00:00,CENTBSRR06,4/11/2000 11:00,Phosphate-phosphorus,Dissolved,0.01,mg/l
4/11/2000,11:00:00,CENTBSRR06,4/11/2000 11:00,Salinity,,0.4,ppth
4/11/2000,11:00:00,CENTBSRR06,4/11/2000 11:00,Specific conductance,,896,umho/cm
4/11/2000,11:00:00,CENTBSRR06,4/11/2000 11:00,"Temperature, water",,7.2,deg C
4/11/2000,11:00:00,CENTBSRR06,4/11/2000 11:00,Total dissolved solids,,576,mg/l
4/11/2000,11:00:00,CENTBSRR06,4/11/2000 11:00,Total solids,,649,mg/l
4/11/2000,11:00:00,CENTBSRR06,4/11/2000 11:00,Total suspended solids,,73,mg/l
5/9/2000,11:15:00,CENTBSRR06,5/9/2000 11:15,Ammonia-nitrogen,Total,0.05,mg/l
5/9/2000,11:15:00,CENTBSRR06,5/9/2000 11:15,Dissolved oxygen (DO),,8.6,mg/l
5/9/2000,11:15:00,CENTBSRR06,5/9/2000 11:15,Fecal Coliform,,390,#/100ml
5/9/2000,11:15:00,CENTBSRR06,5/9/2000 11:15,Inorganic nitrogen (nitrate and nitrite),Total,0.05,mg/l
5/9/2000,11:15:00,CENTBSRR06,5/9/2000 11:15,Kjeldahl nitrogen,Total,1.69,mg/l
5/9/2000,11:15:00,CENTBSRR06,5/9/2000 11:15,pH,,8.4,None
5/9/2000,11:15:00,CENTBSRR06,5/9/2000 11:15,Phosphate-phosphorus,Total,0.28,mg/l
5/9/2000,11:15:00,CENTBSRR06,5/9/2000 11:15,Phosphate-phosphorus,Dissolved,0.02,mg/l
5/9/2000,11:15:00,CENTBSRR06,5/9/2000 11:15,Salinity,,0.4,ppth
5/9/2000,11:15:00,CENTBSRR06,5/9/2000 11:15,Specific conductance,,849,umho/cm
5/9/2000,11:15:00,CENTBSRR06,5/9/2000 11:15,"Temperature, water",,16.2,deg C
5/9/2000,11:15:00,CENTBSRR06,5/9/2000 11:15,Total dissolved solids,,604,mg/l
5/9/2000,11:15:00,CENTBSRR06,5/9/2000 11:15,Total solids,,699,mg/l
5/9/2000,11:15:00,CENTBSRR06,5/9/2000 11:15,Total suspended solids,,95,mg/l
5/19/2000,12:00:00,CENTBSRR06,5/19/2000 12:00,Ammonia-nitrogen,Total,0.18,mg/l
5/19/2000,12:00:00,CENTBSRR06,5/19/2000 12:00,Dissolved oxygen (DO),,7.4,mg/l
5/19/2000,12:00:00,CENTBSRR06,5/19/2000 12:00,Fecal Coliform,,2500,#/100ml
5/19/2000,12:00:00,CENTBSRR06,5/19/2000 12:00,Inorganic nitrogen (nitrate and nitrite),Total,0.82,mg/l
5/19/2000,12:00:00,CENTBSRR06,5/19/2000 12:00,Kjeldahl nitrogen,Total,2.25,mg/l
5/19/2000,12:00:00,CENTBSRR06,5/19/2000 12:00,pH,,8.04,None
5/19/2000,12:00:00,CENTBSRR06,5/19/2000 12:00,Phosphate-phosphorus,Dissolved,0.15,mg/l
5/19/2000,12:00:00,CENTBSRR06,5/19/2000 12:00,Phosphate-phosphorus,Total,0.5,mg/l
5/19/2000,12:00:00,CENTBSRR06,5/19/2000 12:00,Salinity,,0.3,ppth
5/19/2000,12:00:00,CENTBSRR06,5/19/2000 12:00,Specific conductance,,685,umho/cm
5/19/2000,12:00:00,CENTBSRR06,5/19/2000 12:00,"Temperature, water",,14.2,deg C
5/19/2000,12:00:00,CENTBSRR06,5/19/2000 12:00,Total dissolved solids,,388,mg/l
5/19/2000,12:00:00,CENTBSRR06,5/19/2000 12:00,Total solids,,578,mg/l
5/19/2000,12:00:00,CENTBSRR06,5/19/2000 12:00,Total suspended solids,,190,mg/l
6/2/2000,10:30:00,CENTBSRR06,6/2/2000 10:30,Ammonia-nitrogen,Total,0.2,mg/l
6/2/2000,10:30:00,CENTBSRR06,6/2/2000 10:30,Dissolved oxygen (DO),,6.7,mg/l
6/2/2000,10:30:00,CENTBSRR06,6/2/2000 10:30,Fecal Coliform,,500,#/100ml
6/2/2000,10:30:00,CENTBSRR06,6/2/2000 10:30,Inorganic nitrogen (nitrate and nitrite),Total,0.63,mg/l
6/2/2000,10:30:00,CENTBSRR06,6/2/2000 10:30,Kjeldahl nitrogen,Total,2.06,mg/l
6/2/2000,10:30:00,CENTBSRR06,6/2/2000 10:30,pH,,7.87,None
6/2/2000,10:30:00,CENTBSRR06,6/2/2000 10:30,Phosphate-phosphorus,Total,0.52,mg/l
6/2/2000,10:30:00,CENTBSRR06,6/2/2000 10:30,Phosphate-phosphorus,Dissolved,0.18,mg/l
6/2/2000,10:30:00,CENTBSRR06,6/2/2000 10:30,Salinity,,0.3,ppth
6/2/2000,10:30:00,CENTBSRR06,6/2/2000 10:30,Specific conductance,,692,umho/cm
6/2/2000,10:30:00,CENTBSRR06,6/2/2000 10:30,"Temperature, water",,16.9,deg C
6/2/2000,10:30:00,CENTBSRR06,6/2/2000 10:30,Total dissolved solids,,464,mg/l
6/2/2000,10:30:00,CENTBSRR06,6/2/2000 10:30,Total solids,,684,mg/l
6/2/2000,10:30:00,CENTBSRR06,6/2/2000 10:30,Total suspended solids,,220,mg/l
6/14/2000,11:00:00,CENTBSRR06,6/14/2000 11:00,Ammonia-nitrogen,Total,0.21,mg/l
6/14/2000,11:00:00,CENTBSRR06,6/14/2000 11:00,Dissolved oxygen (DO),,6.7,mg/l
6/14/2000,11:00:00,CENTBSRR06,6/14/2000 11:00,Fecal Coliform,,210,#/100ml
6/14/2000,11:00:00,CENTBSRR06,6/14/2000 11:00,Inorganic nitrogen (nitrate and nitrite),Total,0.31,mg/l
6/14/2000,11:00:00,CENTBSRR06,6/14/2000 11:00,Kjeldahl nitrogen,Total,2.43,mg/l
6/14/2000,11:00:00,CENTBSRR06,6/14/2000 11:00,pH,,8.42,None
6/14/2000,11:00:00,CENTBSRR06,6/14/2000 11:00,Phosphate-phosphorus,Dissolved,0.11,mg/l
6/14/2000,11:00:00,CENTBSRR06,6/14/2000 11:00,Phosphate-phosphorus,Total,0.37,mg/l
6/14/2000,11:00:00,CENTBSRR06,6/14/2000 11:00,Salinity,,0.5,ppth
6/14/2000,11:00:00,CENTBSRR06,6/14/2000 11:00,Specific conductance,,1015,umho/cm
6/14/2000,11:00:00,CENTBSRR06,6/14/2000 11:00,"Temperature, water",,19.8,deg C
6/14/2000,11:00:00,CENTBSRR06,6/14/2000 11:00,Total dissolved solids,,676,mg/l
6/14/2000,11:00:00,CENTBSRR06,6/14/2000 11:00,Total solids,,786,mg/l
6/14/2000,11:00:00,CENTBSRR06,6/14/2000 11:00,Total suspended solids,,110,mg/l
7/14/2000,1:15:00,CENTBSRR06,7/14/2000 1:15,Ammonia-nitrogen,Total,0.12,mg/l
7/14/2000,1:15:00,CENTBSRR06,7/14/2000 1:15,Dissolved oxygen (DO),,7.5,mg/l
7/14/2000,1:15:00,CENTBSRR06,7/14/2000 1:15,Fecal Coliform,,400,#/100ml
7/14/2000,1:15:00,CENTBSRR06,7/14/2000 1:15,Inorganic nitrogen (nitrate and nitrite),Total,0.37,mg/l
7/14/2000,1:15:00,CENTBSRR06,7/14/2000 1:15,Kjeldahl nitrogen,Total,2.58,mg/l
7/14/2000,1:15:00,CENTBSRR06,7/14/2000 1:15,pH,,7.44,None
7/14/2000,1:15:00,CENTBSRR06,7/14/2000 1:15,Phosphate-phosphorus,Dissolved,0.08,mg/l
7/14/2000,1:15:00,CENTBSRR06,7/14/2000 1:15,Phosphate-phosphorus,Total,0.38,mg/l
7/14/2000,1:15:00,CENTBSRR06,7/14/2000 1:15,Salinity,,0.3,ppth
7/14/2000,1:15:00,CENTBSRR06,7/14/2000 1:15,Specific conductance,,650,umho/cm
7/14/2000,1:15:00,CENTBSRR06,7/14/2000 1:15,"Temperature, water",,29.2,deg C
7/14/2000,1:15:00,CENTBSRR06,7/14/2000 1:15,Total dissolved solids,,428,mg/l
7/14/2000,1:15:00,CENTBSRR06,7/14/2000 1:15,Total solids,,596,mg/l
7/14/2000,1:15:00,CENTBSRR06,7/14/2000 1:15,Total suspended solids,,168,mg/l
8/17/2000,11:30:00,CENTBSRR06,8/17/2000 11:30,Ammonia-nitrogen,Total,0.34,mg/l
8/17/2000,11:30:00,CENTBSRR06,8/17/2000 11:30,Dissolved oxygen (DO),,8.5,mg/l
8/17/2000,11:30:00,CENTBSRR06,8/17/2000 11:30,Fecal Coliform,,8500,#/100ml
8/17/2000,11:30:00,CENTBSRR06,8/17/2000 11:30,Inorganic nitrogen (nitrate and nitrite),Total,0.36,mg/l
8/17/2000,11:30:00,CENTBSRR06,8/17/2000 11:30,Kjeldahl nitrogen,Total,1.96,mg/l
8/17/2000,11:30:00,CENTBSRR06,8/17/2000 11:30,pH,,7.89,None
8/17/2000,11:30:00,CENTBSRR06,8/17/2000 11:30,Phosphate-phosphorus,Total,0.32,mg/l
8/17/2000,11:30:00,CENTBSRR06,8/17/2000 11:30,Phosphate-phosphorus,Dissolved,0.07,mg/l
8/17/2000,11:30:00,CENTBSRR06,8/17/2000 11:30,Salinity,,0.4,ppth
8/17/2000,11:30:00,CENTBSRR06,8/17/2000 11:30,Specific conductance,,761,umho/cm
8/17/2000,11:30:00,CENTBSRR06,8/17/2000 11:30,"Temperature, water",,20.7,deg C
8/17/2000,11:30:00,CENTBSRR06,8/17/2000 11:30,Total dissolved solids,,556,mg/l
8/17/2000,11:30:00,CENTBSRR06,8/17/2000 11:30,Total solids,,600,mg/l
8/17/2000,11:30:00,CENTBSRR06,8/17/2000 11:30,Total suspended solids,,44,mg/l
9/6/2000,12:45:00,CENTBSRR06,9/6/2000 12:45,Ammonia-nitrogen,Total,0.09,mg/l
9/6/2000,12:45:00,CENTBSRR06,9/6/2000 12:45,Dissolved oxygen (DO),,9.4,mg/l
9/6/2000,12:45:00,CENTBSRR06,9/6/2000 12:45,Fecal Coliform,,400,#/100ml
9/6/2000,12:45:00,CENTBSRR06,9/6/2000 12:45,Inorganic nitrogen (nitrate and nitrite),Total,0.05,mg/l
9/6/2000,12:45:00,CENTBSRR06,9/6/2000 12:45,Kjeldahl nitrogen,Total,2.26,mg/l
9/6/2000,12:45:00,CENTBSRR06,9/6/2000 12:45,pH,,8.27,None
9/6/2000,12:45:00,CENTBSRR06,9/6/2000 12:45,Phosphate-phosphorus,Dissolved,0.02,mg/l
9/6/2000,12:45:00,CENTBSRR06,9/6/2000 12:45,Phosphate-phosphorus,Total,0.34,mg/l
9/6/2000,12:45:00,CENTBSRR06,9/6/2000 12:45,Salinity,,0.3,ppth
9/6/2000,12:45:00,CENTBSRR06,9/6/2000 12:45,Specific conductance,,574,umho/cm
9/6/2000,12:45:00,CENTBSRR06,9/6/2000 12:45,"Temperature, water",,19.9,deg C
9/6/2000,12:45:00,CENTBSRR06,9/6/2000 12:45,Total dissolved solids,,556,mg/l
9/6/2000,12:45:00,CENTBSRR06,9/6/2000 12:45,Total solids,,624,mg/l
9/6/2000,12:45:00,CENTBSRR06,9/6/2000 12:45,Total suspended solids,,68,mg/l
10/18/2000,10:50:00,CENTBSRR06,10/18/2000 10:50,Ammonia-nitrogen,Total,0.12,mg/l
10/18/2000,10:50:00,CENTBSRR06,10/18/2000 10:50,Dissolved oxygen (DO),,10.8,mg/l
10/18/2000,10:50:00,CENTBSRR06,10/18/2000 10:50,Fecal Coliform,,50,#/100ml
10/18/2000,10:50:00,CENTBSRR06,10/18/2000 10:50,Inorganic nitrogen (nitrate and nitrite),Total,0.04,mg/l
10/18/2000,10:50:00,CENTBSRR06,10/18/2000 10:50,Kjeldahl nitrogen,Total,2.23,mg/l
10/18/2000,10:50:00,CENTBSRR06,10/18/2000 10:50,pH,,8.5,None
10/18/2000,10:50:00,CENTBSRR06,10/18/2000 10:50,Phosphate-phosphorus,Dissolved,0.04,mg/l
10/18/2000,10:50:00,CENTBSRR06,10/18/2000 10:50,Phosphate-phosphorus,Total,0.36,mg/l
10/18/2000,10:50:00,CENTBSRR06,10/18/2000 10:50,Salinity,,0.4,ppth
10/18/2000,10:50:00,CENTBSRR06,10/18/2000 10:50,Specific conductance,,823,umho/cm
10/18/2000,10:50:00,CENTBSRR06,10/18/2000 10:50,"Temperature, water",,9.6,deg C
10/18/2000,10:50:00,CENTBSRR06,10/18/2000 10:50,Total dissolved solids,,504,mg/l
10/18/2000,10:50:00,CENTBSRR06,10/18/2000 10:50,Total solids,,540,mg/l
10/18/2000,10:50:00,CENTBSRR06,10/18/2000 10:50,Total suspended solids,,36,mg/l
10/24/2005,11:30:00,CENTBSRR06,10/24/2005 11:30,Dissolved oxygen (DO),,18.75,mg/l
10/24/2005,11:30:00,CENTBSRR06,10/24/2005 11:30,Escherichia coli,,24,#/100ml
10/24/2005,11:30:00,CENTBSRR06,10/24/2005 11:30,Fecal Coliform,,,
10/24/2005,11:30:00,CENTBSRR06,10/24/2005 11:30,Inorganic nitrogen (nitrate and nitrite),Total,0.9,mg/l
10/24/2005,11:30:00,CENTBSRR06,10/24/2005 11:30,pH,,8.51,None
10/24/2005,11:30:00,CENTBSRR06,10/24/2005 11:30,Salinity,,0.5,ppt
10/24/2005,11:30:00,CENTBSRR06,10/24/2005 11:30,Specific conductance,,997,umho/cm
10/24/2005,11:30:00,CENTBSRR06,10/24/2005 11:30,Total suspended solids,,35,mg/l
10/24/2005,11:30:00,CENTBSRR06,10/24/2005 11:30,Water appearance (text),,LT BROWN,None
4/4/2006,1:30:00,CENTBSRR06,4/4/2006 1:30,Dissolved oxygen (DO),,13.04,mg/l
4/4/2006,1:30:00,CENTBSRR06,4/4/2006 1:30,Fecal Coliform,,10,#/100ml
4/4/2006,1:30:00,CENTBSRR06,4/4/2006 1:30,pH,,7.38,None
4/4/2006,1:30:00,CENTBSRR06,4/4/2006 1:30,Salinity,,0.4,ppt
4/4/2006,1:30:00,CENTBSRR06,4/4/2006 1:30,Specific conductance,,802,umho/cm
4/4/2006,1:30:00,CENTBSRR06,4/4/2006 1:30,Total suspended solids,,118,mg/l
4/4/2006,1:30:00,CENTBSRR06,4/4/2006 1:30,Water appearance (text),,CLR,None
5/1/2006,12:30:00,CENTBSRR06,5/1/2006 12:30,Dissolved oxygen (DO),,11.44,mg/l
5/1/2006,12:30:00,CENTBSRR06,5/1/2006 12:30,Escherichia coli,,517,#/100ml
5/1/2006,12:30:00,CENTBSRR06,5/1/2006 12:30,Fecal Coliform,,250,#/100ml
5/1/2006,12:30:00,CENTBSRR06,5/1/2006 12:30,pH,,7.08,None
5/1/2006,12:30:00,CENTBSRR06,5/1/2006 12:30,Salinity,,0.5,ppt
5/1/2006,12:30:00,CENTBSRR06,5/1/2006 12:30,Specific conductance,,1064,umho/cm
5/1/2006,12:30:00,CENTBSRR06,5/1/2006 12:30,Total suspended solids,,43,mg/l
5/1/2006,12:30:00,CENTBSRR06,5/1/2006 12:30,Water appearance (text),,LGT BRN,None
6/6/2006,12:25:00,CENTBSRR06,6/6/2006 12:25,Dissolved oxygen (DO),,11.26,mg/l
6/6/2006,12:25:00,CENTBSRR06,6/6/2006 12:25,Escherichia coli,,27.5,#/100ml
6/6/2006,12:25:00,CENTBSRR06,6/6/2006 12:25,Fecal Coliform,,20,#/100ml
6/6/2006,12:25:00,CENTBSRR06,6/6/2006 12:25,pH,,8.6,None
6/6/2006,12:25:00,CENTBSRR06,6/6/2006 12:25,Salinity,,0.4,ppt
6/6/2006,12:25:00,CENTBSRR06,6/6/2006 12:25,Specific conductance,,916,umho/cm
6/6/2006,12:25:00,CENTBSRR06,6/6/2006 12:25,Total suspended solids,,84,mg/l
6/6/2006,12:25:00,CENTBSRR06,6/6/2006 12:25,Water appearance (text),,light brown,None
7/11/2006,12:57:00,CENTBSRR06,7/11/2006 12:57,Dissolved oxygen (DO),,12,mg/l
7/11/2006,12:57:00,CENTBSRR06,7/11/2006 12:57,Escherichia coli,,18.9,#/100ml
7/11/2006,12:57:00,CENTBSRR06,7/11/2006 12:57,Fecal Coliform,,30,#/100ml
7/11/2006,12:57:00,CENTBSRR06,7/11/2006 12:57,pH,,8.66,None
7/11/2006,12:57:00,CENTBSRR06,7/11/2006 12:57,Salinity,,0,ppt
7/11/2006,12:57:00,CENTBSRR06,7/11/2006 12:57,Total suspended solids,,134,mg/l
7/11/2006,12:57:00,CENTBSRR06,7/11/2006 12:57,Water appearance (text),,LIGHT BROWN,None
8/7/2006,12:25:00,CENTBSRR06,8/7/2006 12:25,Dissolved oxygen (DO),,12.48,mg/l
8/7/2006,12:25:00,CENTBSRR06,8/7/2006 12:25,Escherichia coli,,,
8/7/2006,12:25:00,CENTBSRR06,8/7/2006 12:25,Fecal Coliform,,3800,#/100ml
8/7/2006,12:25:00,CENTBSRR06,8/7/2006 12:25,pH,,8.6,None
8/7/2006,12:25:00,CENTBSRR06,8/7/2006 12:25,Salinity,,0.4,ppt
8/7/2006,12:25:00,CENTBSRR06,8/7/2006 12:25,Specific conductance,,721,umho/cm
8/7/2006,12:25:00,CENTBSRR06,8/7/2006 12:25,Total suspended solids,,204,mg/l
8/7/2006,12:25:00,CENTBSRR06,8/7/2006 12:25,Water appearance (text),,LT GREEN,None
9/11/2006,12:45:00,CENTBSRR06,9/11/2006 12:45,Dissolved oxygen (DO),,13.98,mg/l
9/11/2006,12:45:00,CENTBSRR06,9/11/2006 12:45,Escherichia coli,,43.7,#/100ml
9/11/2006,12:45:00,CENTBSRR06,9/11/2006 12:45,Fecal Coliform,,70,#/100ml
9/11/2006,12:45:00,CENTBSRR06,9/11/2006 12:45,pH,,8.64,None
9/11/2006,12:45:00,CENTBSRR06,9/11/2006 12:45,Salinity,,0.4,ppt
9/11/2006,12:45:00,CENTBSRR06,9/11/2006 12:45,Specific conductance,,826,umho/cm
9/11/2006,12:45:00,CENTBSRR06,9/11/2006 12:45,Total suspended solids,,92,mg/l
9/11/2006,12:45:00,CENTBSRR06,9/11/2006 12:45,Water appearance (text),,BRN,None
10/10/2006,1:15:00,CENTBSRR06,10/10/2006 1:15,Dissolved oxygen (DO),,17.45,mg/l
10/10/2006,1:15:00,CENTBSRR06,10/10/2006 1:15,Escherichia coli,,33.6,#/100ml
10/10/2006,1:15:00,CENTBSRR06,10/10/2006 1:15,Fecal Coliform,,80,#/100ml
10/10/2006,1:15:00,CENTBSRR06,10/10/2006 1:15,pH,,8.82,None
10/10/2006,1:15:00,CENTBSRR06,10/10/2006 1:15,Salinity,,0.5,ppt
10/10/2006,1:15:00,CENTBSRR06,10/10/2006 1:15,Specific conductance,,979,umho/cm
10/10/2006,1:15:00,CENTBSRR06,10/10/2006 1:15,Total suspended solids,,118,mg/l
10/10/2006,1:15:00,CENTBSRR06,10/10/2006 1:15,Water appearance (text),,LT BRN,None
4/17/2007,12:00:00,CENTBSRR06,4/17/2007 12:00,Dissolved oxygen (DO),,16.36,mg/l
4/17/2007,12:00:00,CENTBSRR06,4/17/2007 12:00,Escherichia coli,,4.1,#/100ml
4/17/2007,12:00:00,CENTBSRR06,4/17/2007 12:00,Fecal Coliform,,,
4/17/2007,12:00:00,CENTBSRR06,4/17/2007 12:00,pH,,8.59,None
4/17/2007,12:00:00,CENTBSRR06,4/17/2007 12:00,Salinity,,0.4,ppt
4/17/2007,12:00:00,CENTBSRR06,4/17/2007 12:00,Specific conductance,,886,umho/cm
4/17/2007,12:00:00,CENTBSRR06,4/17/2007 12:00,Total suspended solids,,62,mg/l
4/17/2007,12:00:00,CENTBSRR06,4/17/2007 12:00,Water appearance (text),,BRN,None
4/24/2007,10:45:00,CENTBSRR06,4/24/2007 10:45,Dissolved oxygen (DO),,11.42,mg/l
4/24/2007,10:45:00,CENTBSRR06,4/24/2007 10:45,Escherichia coli,,,
4/24/2007,10:45:00,CENTBSRR06,4/24/2007 10:45,Fecal Coliform,,800,#/100ml
4/24/2007,10:45:00,CENTBSRR06,4/24/2007 10:45,pH,,8.06,None
4/24/2007,10:45:00,CENTBSRR06,4/24/2007 10:45,Salinity,,0.4,ppt
4/24/2007,10:45:00,CENTBSRR06,4/24/2007 10:45,Specific conductance,,887,umho/cm
4/24/2007,10:45:00,CENTBSRR06,4/24/2007 10:45,Total suspended solids,,61,mg/l
4/24/2007,10:45:00,CENTBSRR06,4/24/2007 10:45,Water appearance (text),,BRN,None
5/22/2007,2:00:00,CENTBSRR06,5/22/2007 2:00,Dissolved oxygen (DO),,12.74,mg/l
5/22/2007,2:00:00,CENTBSRR06,5/22/2007 2:00,Fecal Coliform,,40,#/100ml
5/22/2007,2:00:00,CENTBSRR06,5/22/2007 2:00,pH,,8.43,None
5/22/2007,2:00:00,CENTBSRR06,5/22/2007 2:00,Salinity,,0.5,ppt
5/22/2007,2:00:00,CENTBSRR06,5/22/2007 2:00,Specific conductance,,974,umho/cm
5/22/2007,2:00:00,CENTBSRR06,5/22/2007 2:00,Total suspended solids,,53,mg/l
5/22/2007,2:00:00,CENTBSRR06,5/22/2007 2:00,Water appearance (text),,BROWN,None
6/19/2007,10:46:00,CENTBSRR06,6/19/2007 10:46,Dissolved oxygen (DO),,9.21,mg/l
6/19/2007,10:46:00,CENTBSRR06,6/19/2007 10:46,Fecal Coliform,,180,#/100ml
6/19/2007,10:46:00,CENTBSRR06,6/19/2007 10:46,pH,,8.11,None
6/19/2007,10:46:00,CENTBSRR06,6/19/2007 10:46,Salinity,,0.4,ppt
6/19/2007,10:46:00,CENTBSRR06,6/19/2007 10:46,Specific conductance,,905,umho/cm
6/19/2007,10:46:00,CENTBSRR06,6/19/2007 10:46,Total suspended solids,,98,mg/l
6/19/2007,10:46:00,CENTBSRR06,6/19/2007 10:46,Water appearance (text),,BROWN,None
7/17/2007,2:15:00,CENTBSRR06,7/17/2007 2:15,Dissolved oxygen (DO),,14.16,mg/l
7/17/2007,2:15:00,CENTBSRR06,7/17/2007 2:15,Fecal Coliform,,220,#/100ml
7/17/2007,2:15:00,CENTBSRR06,7/17/2007 2:15,pH,,8.61,None
7/17/2007,2:15:00,CENTBSRR06,7/17/2007 2:15,Salinity,,0.4,ppt
7/17/2007,2:15:00,CENTBSRR06,7/17/2007 2:15,Specific conductance,,864,umho/cm
7/17/2007,2:15:00,CENTBSRR06,7/17/2007 2:15,Total suspended solids,,88,mg/l
7/17/2007,2:15:00,CENTBSRR06,7/17/2007 2:15,Water appearance (text),,BROWN,None
8/22/2007,10:00:00,CENTBSRR06,8/22/2007 10:00,Dissolved oxygen (DO),,7.11,mg/l
8/22/2007,10:00:00,CENTBSRR06,8/22/2007 10:00,Fecal Coliform,,340,#/100ml
8/22/2007,10:00:00,CENTBSRR06,8/22/2007 10:00,pH,,8.22,None
8/22/2007,10:00:00,CENTBSRR06,8/22/2007 10:00,Salinity,,0.4,ppt
8/22/2007,10:00:00,CENTBSRR06,8/22/2007 10:00,Specific conductance,,717,umho/cm
8/22/2007,10:00:00,CENTBSRR06,8/22/2007 10:00,Total suspended solids,,92,mg/l
8/22/2007,10:00:00,CENTBSRR06,8/22/2007 10:00,Water appearance (text),,BROWN,None
9/18/2007,12:30:00,CENTBSRR06,9/18/2007 12:30,Dissolved oxygen (DO),,9.52,mg/l
9/18/2007,12:30:00,CENTBSRR06,9/18/2007 12:30,Fecal Coliform,,110,#/100ml
9/18/2007,12:30:00,CENTBSRR06,9/18/2007 12:30,pH,,8.63,None
9/18/2007,12:30:00,CENTBSRR06,9/18/2007 12:30,Salinity,,0.4,ppt
9/18/2007,12:30:00,CENTBSRR06,9/18/2007 12:30,Specific conductance,,732,umho/cm
9/18/2007,12:30:00,CENTBSRR06,9/18/2007 12:30,Total suspended solids,,101,mg/l
9/18/2007,12:30:00,CENTBSRR06,9/18/2007 12:30,Water appearance (text),,GREEN,None
10/10/2007,10:20:00,CENTBSRR06,10/10/2007 10:20,Dissolved oxygen (DO),,16.57,mg/l
10/10/2007,10:20:00,CENTBSRR06,10/10/2007 10:20,Fecal Coliform,,660,#/100ml
10/10/2007,10:20:00,CENTBSRR06,10/10/2007 10:20,Salinity,,0.4,ppt
10/10/2007,10:20:00,CENTBSRR06,10/10/2007 10:20,Specific conductance,,808,umho/cm
10/10/2007,10:20:00,CENTBSRR06,10/10/2007 10:20,Total suspended solids,,70,mg/l
10/10/2007,10:20:00,CENTBSRR06,10/10/2007 10:20,Water appearance (text),,BROWN,None
4/8/2008,2:45:00,CENTBSRR06,4/8/2008 2:45,Dissolved oxygen (DO),,12.55,mg/l
4/8/2008,2:45:00,CENTBSRR06,4/8/2008 2:45,Fecal Coliform,,,
4/8/2008,2:45:00,CENTBSRR06,4/8/2008 2:45,pH,,8.16,None
4/8/2008,2:45:00,CENTBSRR06,4/8/2008 2:45,Salinity,,0.4,ppt
4/8/2008,2:45:00,CENTBSRR06,4/8/2008 2:45,Specific conductance,,773,umho/cm
4/8/2008,2:45:00,CENTBSRR06,4/8/2008 2:45,Total suspended solids,,38,mg/l
5/7/2008,12:45:00,CENTBSRR06,5/7/2008 12:45,Dissolved oxygen (DO),,10.15,mg/l
5/7/2008,12:45:00,CENTBSRR06,5/7/2008 12:45,Fecal Coliform,,,
5/7/2008,12:45:00,CENTBSRR06,5/7/2008 12:45,pH,,8.4,None
5/7/2008,12:45:00,CENTBSRR06,5/7/2008 12:45,Salinity,,0.5,ppt
5/7/2008,12:45:00,CENTBSRR06,5/7/2008 12:45,Specific conductance,,945,umho/cm
5/7/2008,12:45:00,CENTBSRR06,5/7/2008 12:45,Total suspended solids,,76,mg/l
6/10/2008,1:30:00,CENTBSRR06,6/10/2008 1:30,Dissolved oxygen (DO),,6.71,mg/l
6/10/2008,1:30:00,CENTBSRR06,6/10/2008 1:30,Fecal Coliform,,210,#/100ml
6/10/2008,1:30:00,CENTBSRR06,6/10/2008 1:30,pH,,7.82,None
6/10/2008,1:30:00,CENTBSRR06,6/10/2008 1:30,Salinity,,0.3,ppt
6/10/2008,1:30:00,CENTBSRR06,6/10/2008 1:30,Specific conductance,,702,umho/cm
6/10/2008,1:30:00,CENTBSRR06,6/10/2008 1:30,Total suspended solids,,102,mg/l
7/8/2008,10:15:00,CENTBSRR06,7/8/2008 10:15,Dissolved oxygen (DO),,9.93,mg/l
7/8/2008,10:15:00,CENTBSRR06,7/8/2008 10:15,Fecal Coliform,,30,#/100ml
7/8/2008,10:15:00,CENTBSRR06,7/8/2008 10:15,pH,,8.45,None
7/8/2008,10:15:00,CENTBSRR06,7/8/2008 10:15,Salinity,,0.4,ppt
7/8/2008,10:15:00,CENTBSRR06,7/8/2008 10:15,Specific conductance,,823,umho/cm
7/8/2008,10:15:00,CENTBSRR06,7/8/2008 10:15,Total suspended solids,,46,mg/l
8/13/2008,2:00:00,CENTBSRR06,8/13/2008 2:00,Dissolved oxygen (DO),,12.19,mg/l
8/13/2008,2:00:00,CENTBSRR06,8/13/2008 2:00,Fecal Coliform,,150,#/100ml
8/13/2008,2:00:00,CENTBSRR06,8/13/2008 2:00,pH,,8.59,None
8/13/2008,2:00:00,CENTBSRR06,8/13/2008 2:00,Salinity,,0.3,ppt
8/13/2008,2:00:00,CENTBSRR06,8/13/2008 2:00,Specific conductance,,688,umho/cm
8/13/2008,2:00:00,CENTBSRR06,8/13/2008 2:00,Total suspended solids,,122,mg/l
9/9/2008,11:15:00,CENTBSRR06,9/9/2008 11:15,Dissolved oxygen (DO),,12.09,mg/l
9/9/2008,11:15:00,CENTBSRR06,9/9/2008 11:15,Fecal Coliform,,40,#/100ml
9/9/2008,11:15:00,CENTBSRR06,9/9/2008 11:15,pH,,8.72,None
9/9/2008,11:15:00,CENTBSRR06,9/9/2008 11:15,Salinity,,0.4,ppt
9/9/2008,11:15:00,CENTBSRR06,9/9/2008 11:15,Specific conductance,,727,umho/cm
9/9/2008,11:15:00,CENTBSRR06,9/9/2008 11:15,Total suspended solids,,44,mg/l
10/9/2008,10:45:00,CENTBSRR06,10/9/2008 10:45,Dissolved oxygen (DO),,10.11,mg/l
10/9/2008,10:45:00,CENTBSRR06,10/9/2008 10:45,Fecal Coliform,,750,#/100ml
10/9/2008,10:45:00,CENTBSRR06,10/9/2008 10:45,pH,,8.28,None
10/9/2008,10:45:00,CENTBSRR06,10/9/2008 10:45,Salinity,,0.3,ppt
10/9/2008,10:45:00,CENTBSRR06,10/9/2008 10:45,Specific conductance,,699,umho/cm
10/9/2008,10:45:00,CENTBSRR06,10/9/2008 10:45,Total suspended solids,,38,mg/l
5/20/2009,1:45:00,CENTBSRR06,5/20/2009 1:45,Dissolved oxygen (DO),,15.93,mg/l
5/20/2009,1:45:00,CENTBSRR06,5/20/2009 1:45,Dissolved oxygen (DO),,15.93,mg/l
5/20/2009,1:45:00,CENTBSRR06,5/20/2009 1:45,Fecal Coliform,,,
5/20/2009,1:45:00,CENTBSRR06,5/20/2009 1:45,Fecal Coliform,,,
5/20/2009,1:45:00,CENTBSRR06,5/20/2009 1:45,pH,,8.64,None
5/20/2009,1:45:00,CENTBSRR06,5/20/2009 1:45,pH,,8.64,None
5/20/2009,1:45:00,CENTBSRR06,5/20/2009 1:45,Salinity,,0.43,ppt
5/20/2009,1:45:00,CENTBSRR06,5/20/2009 1:45,"Temperature, air",,32,deg C
5/20/2009,1:45:00,CENTBSRR06,5/20/2009 1:45,"Temperature, water",,20.9,deg C
5/20/2009,1:45:00,CENTBSRR06,5/20/2009 1:45,Total suspended solids,,43,mg/l
5/20/2009,1:45:00,CENTBSRR06,5/20/2009 1:45,Total suspended solids,,43,mg/l
6/22/2009,2:00:00,CENTBSRR06,6/22/2009 2:00,Dissolved oxygen (DO),,14.71,mg/l
6/22/2009,2:00:00,CENTBSRR06,6/22/2009 2:00,Dissolved oxygen (DO),,14.71,mg/l
6/22/2009,2:00:00,CENTBSRR06,6/22/2009 2:00,Fecal Coliform,,80,#/100ml
6/22/2009,2:00:00,CENTBSRR06,6/22/2009 2:00,Fecal Coliform,,80,#/100ml
6/22/2009,2:00:00,CENTBSRR06,6/22/2009 2:00,pH,,8.65,None
6/22/2009,2:00:00,CENTBSRR06,6/22/2009 2:00,pH,,8.65,None
6/22/2009,2:00:00,CENTBSRR06,6/22/2009 2:00,Salinity,,0.41,ppt
6/22/2009,2:00:00,CENTBSRR06,6/22/2009 2:00,Salinity,,0.41,ppt
6/22/2009,2:00:00,CENTBSRR06,6/22/2009 2:00,Specific conductance,,837,umho/cm
6/22/2009,2:00:00,CENTBSRR06,6/22/2009 2:00,"Temperature, air",,32,deg C
6/22/2009,2:00:00,CENTBSRR06,6/22/2009 2:00,"Temperature, water",,26.86,deg C
6/22/2009,2:00:00,CENTBSRR06,6/22/2009 2:00,Total suspended solids,,72,mg/l
6/22/2009,2:00:00,CENTBSRR06,6/22/2009 2:00,Total suspended solids,,72,mg/l
7/21/2009,1:30:00,CENTBSRR06,7/21/2009 1:30,Dissolved oxygen (DO),,10.17,mg/l
7/21/2009,1:30:00,CENTBSRR06,7/21/2009 1:30,Dissolved oxygen (DO),,10.17,mg/l
7/21/2009,1:30:00,CENTBSRR06,7/21/2009 1:30,Fecal Coliform,,,
7/21/2009,1:30:00,CENTBSRR06,7/21/2009 1:30,Fecal Coliform,,,
7/21/2009,1:30:00,CENTBSRR06,7/21/2009 1:30,pH,,8.3,None
7/21/2009,1:30:00,CENTBSRR06,7/21/2009 1:30,pH,,8.3,None
7/21/2009,1:30:00,CENTBSRR06,7/21/2009 1:30,Salinity,,0.47,ppt
7/21/2009,1:30:00,CENTBSRR06,7/21/2009 1:30,Specific conductance,,961,umho/cm
7/21/2009,1:30:00,CENTBSRR06,7/21/2009 1:30,Specific conductance,,961,umho/cm
7/21/2009,1:30:00,CENTBSRR06,7/21/2009 1:30,"Temperature, air",,24,deg C
7/21/2009,1:30:00,CENTBSRR06,7/21/2009 1:30,"Temperature, water",,22.81,deg C
7/21/2009,1:30:00,CENTBSRR06,7/21/2009 1:30,Total suspended solids,,76,mg/l
7/21/2009,1:30:00,CENTBSRR06,7/21/2009 1:30,Total suspended solids,,76,mg/l
8/18/2009,12:30:00,CENTBSRR06,8/18/2009 12:30,Dissolved oxygen (DO),,10,mg/l
8/18/2009,12:30:00,CENTBSRR06,8/18/2009 12:30,Dissolved oxygen (DO),,10,mg/l
8/18/2009,12:30:00,CENTBSRR06,8/18/2009 12:30,Fecal Coliform,,140,#/100ml
8/18/2009,12:30:00,CENTBSRR06,8/18/2009 12:30,Fecal Coliform,,140,#/100ml
8/18/2009,12:30:00,CENTBSRR06,8/18/2009 12:30,pH,,8.47,None
8/18/2009,12:30:00,CENTBSRR06,8/18/2009 12:30,pH,,8.47,None
8/18/2009,12:30:00,CENTBSRR06,8/18/2009 12:30,Salinity,,0.38,ppt
8/18/2009,12:30:00,CENTBSRR06,8/18/2009 12:30,Salinity,,0.38,ppt
8/18/2009,12:30:00,CENTBSRR06,8/18/2009 12:30,Specific conductance,,776,umho/cm
8/18/2009,12:30:00,CENTBSRR06,8/18/2009 12:30,Specific conductance,,776,umho/cm
8/18/2009,12:30:00,CENTBSRR06,8/18/2009 12:30,"Temperature, air",,26,deg C
8/18/2009,12:30:00,CENTBSRR06,8/18/2009 12:30,"Temperature, water",,21.28,deg C
8/18/2009,12:30:00,CENTBSRR06,8/18/2009 12:30,Total suspended solids,,82,mg/l
8/18/2009,12:30:00,CENTBSRR06,8/18/2009 12:30,Total suspended solids,,82,mg/l
9/23/2009,1:45:00,CENTBSRR06,9/23/2009 1:45,Dissolved oxygen (DO),,1287,mg/l
9/23/2009,1:45:00,CENTBSRR06,9/23/2009 1:45,Dissolved oxygen (DO),,12.87,mg/l
9/23/2009,1:45:00,CENTBSRR06,9/23/2009 1:45,Fecal Coliform,,30,#/100ml
9/23/2009,1:45:00,CENTBSRR06,9/23/2009 1:45,Fecal Coliform,,30,#/100ml
9/23/2009,1:45:00,CENTBSRR06,9/23/2009 1:45,pH,,8.35,None
9/23/2009,1:45:00,CENTBSRR06,9/23/2009 1:45,pH,,8.35,None
9/23/2009,1:45:00,CENTBSRR06,9/23/2009 1:45,Salinity,,0.37,ppt
9/23/2009,1:45:00,CENTBSRR06,9/23/2009 1:45,Salinity,,0.37,ppt
9/23/2009,1:45:00,CENTBSRR06,9/23/2009 1:45,Specific conductance,,762,umho/cm
9/23/2009,1:45:00,CENTBSRR06,9/23/2009 1:45,Specific conductance,,762,umho/cm
9/23/2009,1:45:00,CENTBSRR06,9/23/2009 1:45,"Temperature, air",,24,deg C
9/23/2009,1:45:00,CENTBSRR06,9/23/2009 1:45,"Temperature, water",,18.19,deg C
9/23/2009,1:45:00,CENTBSRR06,9/23/2009 1:45,Total suspended solids,,59,mg/l
9/23/2009,1:45:00,CENTBSRR06,9/23/2009 1:45,Total suspended solids,,59,mg/l
10/20/2009,1:45:00,CENTBSRR06,10/20/2009 1:45,Dissolved oxygen (DO),,13.93,mg/l
10/20/2009,1:45:00,CENTBSRR06,10/20/2009 1:45,Dissolved oxygen (DO),,13.93,mg/l
10/20/2009,1:45:00,CENTBSRR06,10/20/2009 1:45,Fecal Coliform,,30,#/100ml
10/20/2009,1:45:00,CENTBSRR06,10/20/2009 1:45,Fecal Coliform,,30,#/100ml
10/20/2009,1:45:00,CENTBSRR06,10/20/2009 1:45,pH,,8.28,None
10/20/2009,1:45:00,CENTBSRR06,10/20/2009 1:45,pH,,8.28,None
10/20/2009,1:45:00,CENTBSRR06,10/20/2009 1:45,Salinity,,0.44,ppt
10/20/2009,1:45:00,CENTBSRR06,10/20/2009 1:45,Specific conductance,,898,umho/cm
10/20/2009,1:45:00,CENTBSRR06,10/20/2009 1:45,Specific conductance,,898,umho/cm
10/20/2009,1:45:00,CENTBSRR06,10/20/2009 1:45,"Temperature, air",,12,deg C
10/20/2009,1:45:00,CENTBSRR06,10/20/2009 1:45,"Temperature, water",,8.98,deg C
10/20/2009,1:45:00,CENTBSRR06,10/20/2009 1:45,Total suspended solids,,40,mg/l
10/20/2009,1:45:00,CENTBSRR06,10/20/2009 1:45,Total suspended solids,,40,mg/l
8/24/2010,2:00:00,CENTBSRR06,8/24/2010 2:00,Dissolved oxygen (DO),,9.31,mg/l
8/24/2010,2:00:00,CENTBSRR06,8/24/2010 2:00,Escherichia coli,,38.5,MPN/100ml
8/24/2010,2:00:00,CENTBSRR06,8/24/2010 2:00,pH,,8.6,None
8/24/2010,2:00:00,CENTBSRR06,8/24/2010 2:00,Salinity,,0.61,ppt
8/24/2010,2:00:00,CENTBSRR06,8/24/2010 2:00,Specific conductance,,1235,umho/cm
8/24/2010,2:00:00,CENTBSRR06,8/24/2010 2:00,"Temperature, air",,22,deg C
8/24/2010,2:00:00,CENTBSRR06,8/24/2010 2:00,"Temperature, water",,24.84,deg C
8/24/2010,2:00:00,CENTBSRR06,8/24/2010 2:00,Total suspended solids,,57,mg/l
9/30/2010,1:30:00,CENTBSRR06,9/30/2010 1:30,Dissolved oxygen (DO),,6.95,mg/l
9/30/2010,1:30:00,CENTBSRR06,9/30/2010 1:30,Escherichia coli,,236,MPN/100ml
9/30/2010,1:30:00,CENTBSRR06,9/30/2010 1:30,pH,,8.2,None
9/30/2010,1:30:00,CENTBSRR06,9/30/2010 1:30,Salinity,,0.35,ppt
9/30/2010,1:30:00,CENTBSRR06,9/30/2010 1:30,Specific conductance,,711,umho/cm
9/30/2010,1:30:00,CENTBSRR06,9/30/2010 1:30,"Temperature, air",,22,deg C
9/30/2010,1:30:00,CENTBSRR06,9/30/2010 1:30,"Temperature, water",,16.67,deg C
9/30/2010,1:30:00,CENTBSRR06,9/30/2010 1:30,Total suspended solids,,22,mg/l
10/28/2010,1:15:00,CENTBSRR06,10/28/2010 1:15,Dissolved oxygen (DO),,13.56,mg/l
10/28/2010,1:15:00,CENTBSRR06,10/28/2010 1:15,Escherichia coli,,579,MPN/100ml
10/28/2010,1:15:00,CENTBSRR06,10/28/2010 1:15,pH,,8.8,None
10/28/2010,1:15:00,CENTBSRR06,10/28/2010 1:15,Salinity,,0.54,ppt
10/28/2010,1:15:00,CENTBSRR06,10/28/2010 1:15,Specific conductance,,1087,umho/cm
10/28/2010,1:15:00,CENTBSRR06,10/28/2010 1:15,"Temperature, air",,9,deg C
10/28/2010,1:15:00,CENTBSRR06,10/28/2010 1:15,"Temperature, water",,4.19,deg C
10/28/2010,1:15:00,CENTBSRR06,10/28/2010 1:15,Total suspended solids,,44,mg/l
6/14/2011,10:15:00,CENTBSRR06,6/14/2011 10:15,Dissolved oxygen (DO),,7.22,mg/l
6/14/2011,10:15:00,CENTBSRR06,6/14/2011 10:15,Escherichia coli,,79,MPN/100ml
6/14/2011,10:15:00,CENTBSRR06,6/14/2011 10:15,pH,,8.04,None
6/14/2011,10:15:00,CENTBSRR06,6/14/2011 10:15,Salinity,,0.51,ppt
6/14/2011,10:15:00,CENTBSRR06,6/14/2011 10:15,Specific conductance,,1019,umho/cm
6/14/2011,10:15:00,CENTBSRR06,6/14/2011 10:15,"Temperature, air",,16,deg C
6/14/2011,10:15:00,CENTBSRR06,6/14/2011 10:15,"Temperature, water",,17.95,deg C
6/14/2011,10:15:00,CENTBSRR06,6/14/2011 10:15,Total suspended solids,,35,mg/l
7/27/2011,9:15:00,CENTBSRR06,7/27/2011 9:15,Dissolved oxygen (DO),,5.86,mg/l
7/27/2011,9:15:00,CENTBSRR06,7/27/2011 9:15,Escherichia coli,,1960,MPN/100ml
7/27/2011,9:15:00,CENTBSRR06,7/27/2011 9:15,pH,,8.2,None
7/27/2011,9:15:00,CENTBSRR06,7/27/2011 9:15,Salinity,,0.48,ppt
7/27/2011,9:15:00,CENTBSRR06,7/27/2011 9:15,Specific conductance,,986,umho/cm
7/27/2011,9:15:00,CENTBSRR06,7/27/2011 9:15,"Temperature, air",,26.5,deg C
7/27/2011,9:15:00,CENTBSRR06,7/27/2011 9:15,"Temperature, water",,26.56,deg C
7/27/2011,9:15:00,CENTBSRR06,7/27/2011 9:15,Total suspended solids,,123,mg/l
8/22/2011,12:45:00,CENTBSRR06,8/22/2011 12:45,Dissolved oxygen (DO),,8.23,mg/l
8/22/2011,12:45:00,CENTBSRR06,8/22/2011 12:45,Escherichia coli,,17,MPN/100ml
8/22/2011,12:45:00,CENTBSRR06,8/22/2011 12:45,pH,,8.19,None
8/22/2011,12:45:00,CENTBSRR06,8/22/2011 12:45,Salinity,,0.47,ppt
8/22/2011,12:45:00,CENTBSRR06,8/22/2011 12:45,Specific conductance,,958,umho/cm
8/22/2011,12:45:00,CENTBSRR06,8/22/2011 12:45,"Temperature, air",,28,deg C
8/22/2011,12:45:00,CENTBSRR06,8/22/2011 12:45,"Temperature, water",,23.48,deg C
8/22/2011,12:45:00,CENTBSRR06,8/22/2011 12:45,Total suspended solids,,54,mg/l
9/12/2011,12:05:00,CENTBSRR06,9/12/2011 12:05,Dissolved oxygen (DO),,8.8,mg/l
9/12/2011,12:05:00,CENTBSRR06,9/12/2011 12:05,Escherichia coli,,31.6,MPN/100ml
9/12/2011,12:05:00,CENTBSRR06,9/12/2011 12:05,pH,,8.38,None
9/12/2011,12:05:00,CENTBSRR06,9/12/2011 12:05,Salinity,,0.48,ppt
9/12/2011,12:05:00,CENTBSRR06,9/12/2011 12:05,Specific conductance,,977,umho/cm
9/12/2011,12:05:00,CENTBSRR06,9/12/2011 12:05,"Temperature, air",,28,deg C
9/12/2011,12:05:00,CENTBSRR06,9/12/2011 12:05,"Temperature, water",,22.09,deg C
9/12/2011,12:05:00,CENTBSRR06,9/12/2011 12:05,Total suspended solids,,64,mg/l
10/19/2011,1:15:00,CENTBSRR06,10/19/2011 1:15,Dissolved oxygen (DO),,14.03,mg/l
10/19/2011,1:15:00,CENTBSRR06,10/19/2011 1:15,Escherichia coli,,31.4,MPN/100ml
10/19/2011,1:15:00,CENTBSRR06,10/19/2011 1:15,pH,,8.05,None
10/19/2011,1:15:00,CENTBSRR06,10/19/2011 1:15,Salinity,,0.55,ppt
10/19/2011,1:15:00,CENTBSRR06,10/19/2011 1:15,Specific conductance,,1097,umho/cm
10/19/2011,1:15:00,CENTBSRR06,10/19/2011 1:15,"Temperature, air",,7,deg C
10/19/2011,1:15:00,CENTBSRR06,10/19/2011 1:15,"Temperature, water",,7.14,deg C
10/19/2011,1:15:00,CENTBSRR06,10/19/2011 1:15,Total suspended solids,,21,mg/l
4/24/2012,1:15:00,CENTBSRR06,4/24/2012 1:15,Dissolved oxygen (DO),,16.78,mg/l
4/24/2012,1:15:00,CENTBSRR06,4/24/2012 1:15,Escherichia coli,,4,MPN/100ml
4/24/2012,1:15:00,CENTBSRR06,4/24/2012 1:15,pH,,8.64,None
4/24/2012,1:15:00,CENTBSRR06,4/24/2012 1:15,Salinity,,0.51,ppt
4/24/2012,1:15:00,CENTBSRR06,4/24/2012 1:15,Specific conductance,,1022,umho/cm
4/24/2012,1:15:00,CENTBSRR06,4/24/2012 1:15,"Temperature, air",,27,deg C
4/24/2012,1:15:00,CENTBSRR06,4/24/2012 1:15,"Temperature, water",,16.19,deg C
4/24/2012,1:15:00,CENTBSRR06,4/24/2012 1:15,Total suspended solids,,68,mg/l
5/16/2012,10:15:00,CENTBSRR06,5/16/2012 10:15,Dissolved oxygen (DO),,9.12,mg/l
5/16/2012,10:15:00,CENTBSRR06,5/16/2012 10:15,Escherichia coli,,137,MPN/100ml
5/16/2012,10:15:00,CENTBSRR06,5/16/2012 10:15,pH,,8.08,None
5/16/2012,10:15:00,CENTBSRR06,5/16/2012 10:15,Salinity,,0.46,ppt
5/16/2012,10:15:00,CENTBSRR06,5/16/2012 10:15,Specific conductance,,935,umho/cm
5/16/2012,10:15:00,CENTBSRR06,5/16/2012 10:15,"Temperature, air",,19,deg C
5/16/2012,10:15:00,CENTBSRR06,5/16/2012 10:15,"Temperature, water",,17.86,deg C
5/16/2012,10:15:00,CENTBSRR06,5/16/2012 10:15,Total suspended solids,,152,mg/l
6/19/2012,12:30:00,CENTBSRR06,6/19/2012 12:30,Dissolved oxygen (DO),,12.47,mg/l
6/19/2012,12:30:00,CENTBSRR06,6/19/2012 12:30,Escherichia coli,,44.6,MPN/100ml
6/19/2012,12:30:00,CENTBSRR06,6/19/2012 12:30,pH,,8.63,None
6/19/2012,12:30:00,CENTBSRR06,6/19/2012 12:30,Salinity,,0.39,ppt
6/19/2012,12:30:00,CENTBSRR06,6/19/2012 12:30,Specific conductance,,801,umho/cm
6/19/2012,12:30:00,CENTBSRR06,6/19/2012 12:30,"Temperature, air",,32,deg C
6/19/2012,12:30:00,CENTBSRR06,6/19/2012 12:30,"Temperature, water",,26.6,deg C
6/19/2012,12:30:00,CENTBSRR06,6/19/2012 12:30,Total suspended solids,,79,mg/l
7/26/2012,12:45:00,CENTBSRR06,7/26/2012 12:45,Dissolved oxygen (DO),,9.05,mg/l
7/26/2012,12:45:00,CENTBSRR06,7/26/2012 12:45,Dissolved oxygen (DO),,9.05,mg/l
7/26/2012,12:45:00,CENTBSRR06,7/26/2012 12:45,Escherichia coli,,303,MPN/100ml
7/26/2012,12:45:00,CENTBSRR06,7/26/2012 12:45,Escherichia coli,,287,MPN/100ml
7/26/2012,12:45:00,CENTBSRR06,7/26/2012 12:45,Escherichia coli,,,
7/26/2012,12:45:00,CENTBSRR06,7/26/2012 12:45,pH,,8.63,None
7/26/2012,12:45:00,CENTBSRR06,7/26/2012 12:45,pH,,8.63,None
7/26/2012,12:45:00,CENTBSRR06,7/26/2012 12:45,Salinity,,0.42,ppt
7/26/2012,12:45:00,CENTBSRR06,7/26/2012 12:45,Salinity,,0.42,ppt
7/26/2012,12:45:00,CENTBSRR06,7/26/2012 12:45,Specific conductance,,869,umho/cm
7/26/2012,12:45:00,CENTBSRR06,7/26/2012 12:45,Specific conductance,,869,umho/cm
7/26/2012,12:45:00,CENTBSRR06,7/26/2012 12:45,"Temperature, air",,30,deg C
7/26/2012,12:45:00,CENTBSRR06,7/26/2012 12:45,"Temperature, air",,30,deg C
7/26/2012,12:45:00,CENTBSRR06,7/26/2012 12:45,"Temperature, water",,27.17,deg C
7/26/2012,12:45:00,CENTBSRR06,7/26/2012 12:45,"Temperature, water",,27.17,deg C
7/26/2012,12:45:00,CENTBSRR06,7/26/2012 12:45,Total suspended solids,,78,mg/l
7/26/2012,12:45:00,CENTBSRR06,7/26/2012 12:45,Total suspended solids,,,
7/26/2012,12:45:00,CENTBSRR06,7/26/2012 12:45,Total suspended solids,,74,mg/l
8/29/2012,11:45:00,CENTBSRR06,8/29/2012 11:45,Dissolved oxygen (DO),,6.98,mg/l
8/29/2012,11:45:00,CENTBSRR06,8/29/2012 11:45,Escherichia coli,,285,MPN/100ml
8/29/2012,11:45:00,CENTBSRR06,8/29/2012 11:45,pH,,8.03,None
8/29/2012,11:45:00,CENTBSRR06,8/29/2012 11:45,Salinity,,0.42,ppt
8/29/2012,11:45:00,CENTBSRR06,8/29/2012 11:45,Specific conductance,,848,umho/cm
8/29/2012,11:45:00,CENTBSRR06,8/29/2012 11:45,"Temperature, water",,24.06,deg C
8/29/2012,11:45:00,CENTBSRR06,8/29/2012 11:45,Total suspended solids,,27,mg/l
9/26/2012,12:30:00,CENTBSRR06,9/26/2012 12:30,Dissolved oxygen (DO),,9.66,mg/l
9/26/2012,12:30:00,CENTBSRR06,9/26/2012 12:30,Escherichia coli,,30,MPN/100ml
9/26/2012,12:30:00,CENTBSRR06,9/26/2012 12:30,pH,,9.07,None
9/26/2012,12:30:00,CENTBSRR06,9/26/2012 12:30,Salinity,,0.38,ppt
9/26/2012,12:30:00,CENTBSRR06,9/26/2012 12:30,Specific conductance,,772,umho/cm
9/26/2012,12:30:00,CENTBSRR06,9/26/2012 12:30,"Temperature, air",,19,deg C
9/26/2012,12:30:00,CENTBSRR06,9/26/2012 12:30,"Temperature, water",,13.45,deg C
9/26/2012,12:30:00,CENTBSRR06,9/26/2012 12:30,Total suspended solids,,66,mg/l
10/24/2012,12:30:00,CENTBSRR06,10/24/2012 12:30,Dissolved oxygen (DO),,12.3,mg/l
10/24/2012,12:30:00,CENTBSRR06,10/24/2012 12:30,Escherichia coli,,52,MPN/100ml
10/24/2012,12:30:00,CENTBSRR06,10/24/2012 12:30,pH,,8.54,None
10/24/2012,12:30:00,CENTBSRR06,10/24/2012 12:30,Salinity,,0.4,ppt
10/24/2012,12:30:00,CENTBSRR06,10/24/2012 12:30,Specific conductance,,816,umho/cm
10/24/2012,12:30:00,CENTBSRR06,10/24/2012 12:30,"Temperature, air",,9,deg C
10/24/2012,12:30:00,CENTBSRR06,10/24/2012 12:30,"Temperature, water",,10.36,deg C
10/24/2012,12:30:00,CENTBSRR06,10/24/2012 12:30,Total suspended solids,,88,mg/l
4/25/2013,11:45:00,CENTBSRR06,4/25/2013 11:45,Dissolved oxygen (DO),,13.29,mg/l
4/25/2013,11:45:00,CENTBSRR06,4/25/2013 11:45,Escherichia coli,,39.9,MPN/100ml
4/25/2013,11:45:00,CENTBSRR06,4/25/2013 11:45,pH,,8.25,None
4/25/2013,11:45:00,CENTBSRR06,4/25/2013 11:45,Salinity,,0.47,ppt
4/25/2013,11:45:00,CENTBSRR06,4/25/2013 11:45,Specific conductance,,949,umho/cm
4/25/2013,11:45:00,CENTBSRR06,4/25/2013 11:45,"Temperature, air",,9,deg C
4/25/2013,11:45:00,CENTBSRR06,4/25/2013 11:45,"Temperature, water",,6.16,deg C
4/25/2013,11:45:00,CENTBSRR06,4/25/2013 11:45,Total suspended solids,,65,mg/l
5/29/2013,12:30:00,CENTBSRR06,5/29/2013 12:30,Dissolved oxygen (DO),,9.9,mg/l
5/29/2013,12:30:00,CENTBSRR06,5/29/2013 12:30,Escherichia coli,,22,MPN/100ml
5/29/2013,12:30:00,CENTBSRR06,5/29/2013 12:30,pH,,8.29,None
5/29/2013,12:30:00,CENTBSRR06,5/29/2013 12:30,Salinity,,0.5,ppt
5/29/2013,12:30:00,CENTBSRR06,5/29/2013 12:30,Specific conductance,,1003,umho/cm
5/29/2013,12:30:00,CENTBSRR06,5/29/2013 12:30,"Temperature, air",,22,deg C
5/29/2013,12:30:00,CENTBSRR06,5/29/2013 12:30,"Temperature, water",,16.98,deg C
5/29/2013,12:30:00,CENTBSRR06,5/29/2013 12:30,Total suspended solids,,62,mg/l
6/26/2013,9:30:00,CENTBSRR06,6/26/2013 9:30,Dissolved oxygen (DO),,5.57,mg/l
6/26/2013,9:30:00,CENTBSRR06,6/26/2013 9:30,Escherichia coli,,959,MPN/100ml
6/26/2013,9:30:00,CENTBSRR06,6/26/2013 9:30,pH,,7.63,None
6/26/2013,9:30:00,CENTBSRR06,6/26/2013 9:30,Salinity,,0.26,ppt
6/26/2013,9:30:00,CENTBSRR06,6/26/2013 9:30,Specific conductance,,542,umho/cm
6/26/2013,9:30:00,CENTBSRR06,6/26/2013 9:30,"Temperature, air",,25,deg C
6/26/2013,9:30:00,CENTBSRR06,6/26/2013 9:30,"Temperature, water",,23.38,deg C
6/26/2013,9:30:00,CENTBSRR06,6/26/2013 9:30,Total suspended solids,,210,mg/l
7/30/2013,12:45:00,CENTBSRR06,7/30/2013 12:45,Dissolved oxygen (DO),,7.95,mg/l
7/30/2013,12:45:00,CENTBSRR06,7/30/2013 12:45,Escherichia coli,,95,MPN/100ml
7/30/2013,12:45:00,CENTBSRR06,7/30/2013 12:45,pH,,8.07,None
7/30/2013,12:45:00,CENTBSRR06,7/30/2013 12:45,Salinity,,0.52,ppt
7/30/2013,12:45:00,CENTBSRR06,7/30/2013 12:45,Specific conductance,,1053,umho/cm
7/30/2013,12:45:00,CENTBSRR06,7/30/2013 12:45,"Temperature, air",,21,deg C
7/30/2013,12:45:00,CENTBSRR06,7/30/2013 12:45,"Temperature, water",,20.27,deg C
7/30/2013,12:45:00,CENTBSRR06,7/30/2013 12:45,Total suspended solids,,69,mg/l
8/13/2013,12:15:00,CENTBSRR06,8/13/2013 12:15,Dissolved oxygen (DO),,8.25,mg/l
8/13/2013,12:15:00,CENTBSRR06,8/13/2013 12:15,Escherichia coli,,77.2,MPN/100ml
8/13/2013,12:15:00,CENTBSRR06,8/13/2013 12:15,pH,,8.15,None
8/13/2013,12:15:00,CENTBSRR06,8/13/2013 12:15,Salinity,,0.49,ppt
8/13/2013,12:15:00,CENTBSRR06,8/13/2013 12:15,Specific conductance,,989,umho/cm
8/13/2013,12:15:00,CENTBSRR06,8/13/2013 12:15,"Temperature, air",,23,deg C
8/13/2013,12:15:00,CENTBSRR06,8/13/2013 12:15,"Temperature, water",,23.3,deg C
8/13/2013,12:15:00,CENTBSRR06,8/13/2013 12:15,Total suspended solids,,51,mg/l
9/18/2013,12:45:00,CENTBSRR06,9/18/2013 12:45,Dissolved oxygen (DO),,12.65,mg/l
9/18/2013,12:45:00,CENTBSRR06,9/18/2013 12:45,Dissolved oxygen (DO),,12.65,mg/l
9/18/2013,12:45:00,CENTBSRR06,9/18/2013 12:45,Escherichia coli,,,
9/18/2013,12:45:00,CENTBSRR06,9/18/2013 12:45,Escherichia coli,,145,MPN/100ml
9/18/2013,12:45:00,CENTBSRR06,9/18/2013 12:45,Escherichia coli,,98,MPN/100ml
9/18/2013,12:45:00,CENTBSRR06,9/18/2013 12:45,pH,,8.67,None
9/18/2013,12:45:00,CENTBSRR06,9/18/2013 12:45,pH,,8.67,None
9/18/2013,12:45:00,CENTBSRR06,9/18/2013 12:45,Salinity,,0.56,ppt
9/18/2013,12:45:00,CENTBSRR06,9/18/2013 12:45,Salinity,,0.56,ppt
9/18/2013,12:45:00,CENTBSRR06,9/18/2013 12:45,Specific conductance,,1121,umho/cm
9/18/2013,12:45:00,CENTBSRR06,9/18/2013 12:45,Specific conductance,,1121,umho/cm
9/18/2013,12:45:00,CENTBSRR06,9/18/2013 12:45,"Temperature, air",,29,deg C
9/18/2013,12:45:00,CENTBSRR06,9/18/2013 12:45,"Temperature, air",,29,deg C
9/18/2013,12:45:00,CENTBSRR06,9/18/2013 12:45,"Temperature, water",,19.78,deg C
9/18/2013,12:45:00,CENTBSRR06,9/18/2013 12:45,"Temperature, water",,19.78,deg C
9/18/2013,12:45:00,CENTBSRR06,9/18/2013 12:45,Total suspended solids,,106,mg/l
9/18/2013,12:45:00,CENTBSRR06,9/18/2013 12:45,Total suspended solids,,,
9/18/2013,12:45:00,CENTBSRR06,9/18/2013 12:45,Total suspended solids,,96,mg/l
10/16/2013,2:00:00,CENTBSRR06,10/16/2013 2:00,Dissolved oxygen (DO),,13.95,mg/l
10/16/2013,2:00:00,CENTBSRR06,10/16/2013 2:00,Escherichia coli,,221,MPN/100ml
10/16/2013,2:00:00,CENTBSRR06,10/16/2013 2:00,pH,,8.42,None
10/16/2013,2:00:00,CENTBSRR06,10/16/2013 2:00,Salinity,,0.41,ppt
10/16/2013,2:00:00,CENTBSRR06,10/16/2013 2:00,Specific conductance,,839,umho/cm
10/16/2013,2:00:00,CENTBSRR06,10/16/2013 2:00,"Temperature, air",,14,deg C
10/16/2013,2:00:00,CENTBSRR06,10/16/2013 2:00,"Temperature, water",,10.08,deg C
10/16/2013,2:00:00,CENTBSRR06,10/16/2013 2:00,Total suspended solids,,44,mg/l
5/21/2014,10:15:00,CENTBSRR06,5/21/2014 10:15,Dissolved oxygen (DO),,9.81,mg/l
5/21/2014,10:15:00,CENTBSRR06,5/21/2014 10:15,Escherichia coli,,8.6,#/100ml
5/21/2014,10:15:00,CENTBSRR06,5/21/2014 10:15,pH,,8.39,None
5/21/2014,10:15:00,CENTBSRR06,5/21/2014 10:15,Specific conductance,,999,umho/cm
5/21/2014,10:15:00,CENTBSRR06,5/21/2014 10:15,"Temperature, air",,15,deg C
5/21/2014,10:15:00,CENTBSRR06,5/21/2014 10:15,"Temperature, water",,15.95,deg C
5/21/2014,10:15:00,CENTBSRR06,5/21/2014 10:15,Total suspended solids,,42,mg/l
6/4/2014,10:15:00,CENTBSRR06,6/4/2014 10:15,Dissolved oxygen (DO),,6.59,mg/l
6/4/2014,10:15:00,CENTBSRR06,6/4/2014 10:15,Escherichia coli,,1350,#/100ml
6/4/2014,10:15:00,CENTBSRR06,6/4/2014 10:15,pH,,7.9,None
6/4/2014,10:15:00,CENTBSRR06,6/4/2014 10:15,Specific conductance,,654,umho/cm
6/4/2014,10:15:00,CENTBSRR06,6/4/2014 10:15,"Temperature, air",,22,deg C
6/4/2014,10:15:00,CENTBSRR06,6/4/2014 10:15,"Temperature, water",,19.22,deg C
6/4/2014,10:15:00,CENTBSRR06,6/4/2014 10:15,Total suspended solids,,238,mg/l
6/17/2014,12:00:00,CENTBSRR06,6/17/2014 12:00,Dissolved oxygen (DO),,782,mg/l
6/17/2014,12:00:00,CENTBSRR06,6/17/2014 12:00,Dissolved oxygen (DO),,7.82,mg/l
6/17/2014,12:00:00,CENTBSRR06,6/17/2014 12:00,Dissolved oxygen (DO),,7.82,mg/l
6/17/2014,12:00:00,CENTBSRR06,6/17/2014 12:00,Escherichia coli,,780,#/100ml
6/17/2014,12:00:00,CENTBSRR06,6/17/2014 12:00,Escherichia coli,,,
6/17/2014,12:00:00,CENTBSRR06,6/17/2014 12:00,Escherichia coli,,1150,#/100ml
6/17/2014,12:00:00,CENTBSRR06,6/17/2014 12:00,pH,,8,None
6/17/2014,12:00:00,CENTBSRR06,6/17/2014 12:00,pH,,8,None
6/17/2014,12:00:00,CENTBSRR06,6/17/2014 12:00,pH,,8,None
6/17/2014,12:00:00,CENTBSRR06,6/17/2014 12:00,Specific conductance,,833,umho/cm
6/17/2014,12:00:00,CENTBSRR06,6/17/2014 12:00,Specific conductance,,833,umho/cm
6/17/2014,12:00:00,CENTBSRR06,6/17/2014 12:00,Specific conductance,,833,umho/cm
6/17/2014,12:00:00,CENTBSRR06,6/17/2014 12:00,"Temperature, air",,24,deg C
6/17/2014,12:00:00,CENTBSRR06,6/17/2014 12:00,"Temperature, air",,24,deg C
6/17/2014,12:00:00,CENTBSRR06,6/17/2014 12:00,"Temperature, air",,24,deg C
6/17/2014,12:00:00,CENTBSRR06,6/17/2014 12:00,"Temperature, water",,18.92,deg C
6/17/2014,12:00:00,CENTBSRR06,6/17/2014 12:00,"Temperature, water",,18.92,deg C
6/17/2014,12:00:00,CENTBSRR06,6/17/2014 12:00,"Temperature, water",,18.92,deg C
6/17/2014,12:00:00,CENTBSRR06,6/17/2014 12:00,Total suspended solids,,156,mg/l
6/17/2014,12:00:00,CENTBSRR06,6/17/2014 12:00,Total suspended solids,,,
6/17/2014,12:00:00,CENTBSRR06,6/17/2014 12:00,Total suspended solids,,152,mg/l
7/2/2014,9:30:00,CENTBSRR06,7/2/2014 9:30,Dissolved oxygen (DO),,8.73,mg/l
7/2/2014,9:30:00,CENTBSRR06,7/2/2014 9:30,Escherichia coli,,84,#/100ml
7/2/2014,9:30:00,CENTBSRR06,7/2/2014 9:30,pH,,8.27,None
7/2/2014,9:30:00,CENTBSRR06,7/2/2014 9:30,Specific conductance,,911,umho/cm
7/2/2014,9:30:00,CENTBSRR06,7/2/2014 9:30,"Temperature, air",,17,deg C
7/2/2014,9:30:00,CENTBSRR06,7/2/2014 9:30,"Temperature, water",,18.52,deg C
7/2/2014,9:30:00,CENTBSRR06,7/2/2014 9:30,Total suspended solids,,92,mg/l
7/16/2014,10:00:00,CENTBSRR06,7/16/2014 10:00,Dissolved oxygen (DO),,7.32,mg/l
7/16/2014,10:00:00,CENTBSRR06,7/16/2014 10:00,Escherichia coli,,84.4,#/100ml
7/16/2014,10:00:00,CENTBSRR06,7/16/2014 10:00,pH,,8.34,None
7/16/2014,10:00:00,CENTBSRR06,7/16/2014 10:00,Specific conductance,,850,umho/cm
7/16/2014,10:00:00,CENTBSRR06,7/16/2014 10:00,"Temperature, air",,20,deg C
7/16/2014,10:00:00,CENTBSRR06,7/16/2014 10:00,"Temperature, water",,19.95,deg C
7/16/2014,10:00:00,CENTBSRR06,7/16/2014 10:00,Total suspended solids,,78,mg/l
7/30/2014,9:45:00,CENTBSRR06,7/30/2014 9:45,Dissolved oxygen (DO),,7.69,mg/l
7/30/2014,9:45:00,CENTBSRR06,7/30/2014 9:45,Escherichia coli,,42.6,#/100ml
7/30/2014,9:45:00,CENTBSRR06,7/30/2014 9:45,pH,,8.5,None
7/30/2014,9:45:00,CENTBSRR06,7/30/2014 9:45,Specific conductance,,922,umho/cm
7/30/2014,9:45:00,CENTBSRR06,7/30/2014 9:45,"Temperature, air",,21,deg C
7/30/2014,9:45:00,CENTBSRR06,7/30/2014 9:45,"Temperature, water",,20.91,deg C
7/30/2014,9:45:00,CENTBSRR06,7/30/2014 9:45,Total suspended solids,,146,mg/l
8/13/2014,9:30:00,CENTBSRR06,8/13/2014 9:30,Dissolved oxygen (DO),,6.87,mg/l
8/13/2014,9:30:00,CENTBSRR06,8/13/2014 9:30,Escherichia coli,,285,#/100ml
8/13/2014,9:30:00,CENTBSRR06,8/13/2014 9:30,pH,,8.09,None
8/13/2014,9:30:00,CENTBSRR06,8/13/2014 9:30,Specific conductance,,565,umho/cm
8/13/2014,9:30:00,CENTBSRR06,8/13/2014 9:30,"Temperature, air",,21,deg C
8/13/2014,9:30:00,CENTBSRR06,8/13/2014 9:30,"Temperature, water",,21.61,deg C
8/13/2014,9:30:00,CENTBSRR06,8/13/2014 9:30,Total suspended solids,,140,mg/l
8/27/2014,10:45:00,CENTBSRR06,8/27/2014 10:45,Dissolved oxygen (DO),,7.84,mg/l
8/27/2014,10:45:00,CENTBSRR06,8/27/2014 10:45,Escherichia coli,,113,#/100ml
8/27/2014,10:45:00,CENTBSRR06,8/27/2014 10:45,pH,,8.65,None
8/27/2014,10:45:00,CENTBSRR06,8/27/2014 10:45,Specific conductance,,810,umho/cm
8/27/2014,10:45:00,CENTBSRR06,8/27/2014 10:45,"Temperature, air",,19,deg C
8/27/2014,10:45:00,CENTBSRR06,8/27/2014 10:45,"Temperature, water",,21.76,deg C
8/27/2014,10:45:00,CENTBSRR06,8/27/2014 10:45,Total suspended solids,,124,mg/l
9/10/2014,11:00:00,CENTBSRR06,9/10/2014 11:00,Dissolved oxygen (DO),,9.18,mg/l
9/10/2014,11:00:00,CENTBSRR06,9/10/2014 11:00,Escherichia coli,,476,#/100ml
9/10/2014,11:00:00,CENTBSRR06,9/10/2014 11:00,pH,,8.63,None
9/10/2014,11:00:00,CENTBSRR06,9/10/2014 11:00,Specific conductance,,911,umho/cm
9/10/2014,11:00:00,CENTBSRR06,9/10/2014 11:00,"Temperature, air",,11,deg C
9/10/2014,11:00:00,CENTBSRR06,9/10/2014 11:00,"Temperature, water",,17.45,deg C
9/10/2014,11:00:00,CENTBSRR06,9/10/2014 11:00,Total suspended solids,,100,mg/l
9/22/2014,9:45:00,CENTBSRR06,9/22/2014 9:45,Dissolved oxygen (DO),,9.46,mg/l
9/22/2014,9:45:00,CENTBSRR06,9/22/2014 9:45,Dissolved oxygen (DO),,9.46,mg/l
9/22/2014,9:45:00,CENTBSRR06,9/22/2014 9:45,Dissolved oxygen (DO),,9.46,mg/l
9/22/2014,9:45:00,CENTBSRR06,9/22/2014 9:45,Escherichia coli,,57.6,#/100ml
9/22/2014,9:45:00,CENTBSRR06,9/22/2014 9:45,Escherichia coli,,51.8,#/100ml
9/22/2014,9:45:00,CENTBSRR06,9/22/2014 9:45,Escherichia coli,,,
9/22/2014,9:45:00,CENTBSRR06,9/22/2014 9:45,pH,,8.57,None
9/22/2014,9:45:00,CENTBSRR06,9/22/2014 9:45,pH,,8.57,None
9/22/2014,9:45:00,CENTBSRR06,9/22/2014 9:45,pH,,8.57,None
9/22/2014,9:45:00,CENTBSRR06,9/22/2014 9:45,Specific conductance,,868,umho/cm
9/22/2014,9:45:00,CENTBSRR06,9/22/2014 9:45,Specific conductance,,868,umho/cm
9/22/2014,9:45:00,CENTBSRR06,9/22/2014 9:45,Specific conductance,,868,umho/cm
9/22/2014,9:45:00,CENTBSRR06,9/22/2014 9:45,"Temperature, air",,14,deg C
9/22/2014,9:45:00,CENTBSRR06,9/22/2014 9:45,"Temperature, air",,14,deg C
9/22/2014,9:45:00,CENTBSRR06,9/22/2014 9:45,"Temperature, air",,14,deg C
9/22/2014,9:45:00,CENTBSRR06,9/22/2014 9:45,"Temperature, water",,15.7,deg C
9/22/2014,9:45:00,CENTBSRR06,9/22/2014 9:45,"Temperature, water",,15.7,deg C
9/22/2014,9:45:00,CENTBSRR06,9/22/2014 9:45,"Temperature, water",,15.7,deg C
9/22/2014,9:45:00,CENTBSRR06,9/22/2014 9:45,Total suspended solids,,66,mg/l
9/22/2014,9:45:00,CENTBSRR06,9/22/2014 9:45,Total suspended solids,,,
9/22/2014,9:45:00,CENTBSRR06,9/22/2014 9:45,Total suspended solids,,67,mg/l
10/8/2014,10:15:00,CENTBSRR06,10/8/2014 10:15,Dissolved oxygen (DO),,10.88,mg/l
10/8/2014,10:15:00,CENTBSRR06,10/8/2014 10:15,Escherichia coli,,42.5,#/100ml
10/8/2014,10:15:00,CENTBSRR06,10/8/2014 10:15,pH,,8.43,None
10/8/2014,10:15:00,CENTBSRR06,10/8/2014 10:15,Specific conductance,,844,umho/cm
10/8/2014,10:15:00,CENTBSRR06,10/8/2014 10:15,"Temperature, air",,14,deg C
10/8/2014,10:15:00,CENTBSRR06,10/8/2014 10:15,"Temperature, water",,9.05,deg C
10/8/2014,10:15:00,CENTBSRR06,10/8/2014 10:15,Total suspended solids,,34,mg/l
5/6/2015,10:30:00,CENTBSRR06,5/6/2015 10:30,Dissolved oxygen (DO),,11.27,mg/l
5/6/2015,10:30:00,CENTBSRR06,5/6/2015 10:30,Escherichia coli,,48.6,#/100ml
5/6/2015,10:30:00,CENTBSRR06,5/6/2015 10:30,pH,,8.37,None
5/6/2015,10:30:00,CENTBSRR06,5/6/2015 10:30,Specific conductance,,855,umho/cm
5/6/2015,10:30:00,CENTBSRR06,5/6/2015 10:30,"Temperature, air",,20,deg C
5/6/2015,10:30:00,CENTBSRR06,5/6/2015 10:30,"Temperature, water",,16.87,deg C
5/6/2015,10:30:00,CENTBSRR06,5/6/2015 10:30,Total suspended solids,,65,mg/l
5/20/2015,9:45:00,CENTBSRR06,5/20/2015 9:45,Dissolved oxygen (DO),,17.49,mg/l
5/20/2015,9:45:00,CENTBSRR06,5/20/2015 9:45,Escherichia coli,,120,#/100ml
5/20/2015,9:45:00,CENTBSRR06,5/20/2015 9:45,pH,,8.15,None
5/20/2015,9:45:00,CENTBSRR06,5/20/2015 9:45,Specific conductance,,877,umho/cm
5/20/2015,9:45:00,CENTBSRR06,5/20/2015 9:45,"Temperature, air",,9,deg C
5/20/2015,9:45:00,CENTBSRR06,5/20/2015 9:45,"Temperature, water",,10.5,deg C
5/20/2015,9:45:00,CENTBSRR06,5/20/2015 9:45,Total suspended solids,,71,mg/l
6/3/2015,10:30:00,CENTBSRR06,6/3/2015 10:30,Dissolved oxygen (DO),,8.47,mg/l
6/3/2015,10:30:00,CENTBSRR06,6/3/2015 10:30,Escherichia coli,,397,#/100ml
6/3/2015,10:30:00,CENTBSRR06,6/3/2015 10:30,pH,,8.23,None
6/3/2015,10:30:00,CENTBSRR06,6/3/2015 10:30,Specific conductance,,837,umho/cm
6/3/2015,10:30:00,CENTBSRR06,6/3/2015 10:30,"Temperature, air",,19,deg C
6/3/2015,10:30:00,CENTBSRR06,6/3/2015 10:30,"Temperature, water",,19.49,deg C
6/3/2015,10:30:00,CENTBSRR06,6/3/2015 10:30,Total suspended solids,,110,mg/l
6/17/2015,9:45:00,CENTBSRR06,6/17/2015 9:45,Dissolved oxygen (DO),,9.51,mg/l
6/17/2015,9:45:00,CENTBSRR06,6/17/2015 9:45,Escherichia coli,,185,#/100ml
6/17/2015,9:45:00,CENTBSRR06,6/17/2015 9:45,pH,,8.43,None
6/17/2015,9:45:00,CENTBSRR06,6/17/2015 9:45,Specific conductance,,815,umho/cm
6/17/2015,9:45:00,CENTBSRR06,6/17/2015 9:45,"Temperature, air",,21,deg C
6/17/2015,9:45:00,CENTBSRR06,6/17/2015 9:45,"Temperature, water",,20.22,deg C
6/17/2015,9:45:00,CENTBSRR06,6/17/2015 9:45,Total suspended solids,,108,mg/l
7/1/2015,10:00:00,CENTBSRR06,7/1/2015 10:00,Dissolved oxygen (DO),,6.41,mg/l
7/1/2015,10:00:00,CENTBSRR06,7/1/2015 10:00,Escherichia coli,,201,#/100ml
7/1/2015,10:00:00,CENTBSRR06,7/1/2015 10:00,pH,,8.17,None
7/1/2015,10:00:00,CENTBSRR06,7/1/2015 10:00,Specific conductance,,814,umho/cm
7/1/2015,10:00:00,CENTBSRR06,7/1/2015 10:00,"Temperature, air",,18,deg C
7/1/2015,10:00:00,CENTBSRR06,7/1/2015 10:00,"Temperature, water",,22.7,deg C
7/1/2015,10:00:00,CENTBSRR06,7/1/2015 10:00,Total suspended solids,,90,mg/l
7/15/2015,11:00:00,CENTBSRR06,7/15/2015 11:00,Dissolved oxygen (DO),,9.4,mg/l
7/15/2015,11:00:00,CENTBSRR06,7/15/2015 11:00,Escherichia coli,,132,#/100ml
7/15/2015,11:00:00,CENTBSRR06,7/15/2015 11:00,pH,,8.52,None
7/15/2015,11:00:00,CENTBSRR06,7/15/2015 11:00,Specific conductance,,899,umho/cm
7/15/2015,11:00:00,CENTBSRR06,7/15/2015 11:00,"Temperature, air",,26,deg C
7/15/2015,11:00:00,CENTBSRR06,7/15/2015 11:00,"Temperature, water",,27.22,deg C
7/15/2015,11:00:00,CENTBSRR06,7/15/2015 11:00,Total suspended solids,,66,mg/l
7/29/2015,10:00:00,CENTBSRR06,7/29/2015 10:00,Dissolved oxygen (DO),,8.54,mg/l
7/29/2015,10:00:00,CENTBSRR06,7/29/2015 10:00,Escherichia coli,,7270,#/100ml
7/29/2015,10:00:00,CENTBSRR06,7/29/2015 10:00,pH,,8.25,None
7/29/2015,10:00:00,CENTBSRR06,7/29/2015 10:00,Specific conductance,,626,umho/cm
7/29/2015,10:00:00,CENTBSRR06,7/29/2015 10:00,"Temperature, air",,23,deg C
7/29/2015,10:00:00,CENTBSRR06,7/29/2015 10:00,"Temperature, water",,24,deg C
7/29/2015,10:00:00,CENTBSRR06,7/29/2015 10:00,Total suspended solids,,137,mg/l
8/12/2015,10:00:00,CENTBSRR06,8/12/2015 10:00,Dissolved oxygen (DO),,6.65,mg/l
8/12/2015,10:00:00,CENTBSRR06,8/12/2015 10:00,Escherichia coli,,816,#/100ml
8/12/2015,10:00:00,CENTBSRR06,8/12/2015 10:00,pH,,7.9,None
8/12/2015,10:00:00,CENTBSRR06,8/12/2015 10:00,Specific conductance,,581,umho/cm
8/12/2015,10:00:00,CENTBSRR06,8/12/2015 10:00,"Temperature, air",,24,deg C
8/12/2015,10:00:00,CENTBSRR06,8/12/2015 10:00,"Temperature, water",,23.81,deg C
8/12/2015,10:00:00,CENTBSRR06,8/12/2015 10:00,Total suspended solids,,166,mg/l
8/26/2015,11:30:00,CENTBSRR06,8/26/2015 11:30,Dissolved oxygen (DO),,8.21,mg/l
8/26/2015,11:30:00,CENTBSRR06,8/26/2015 11:30,Escherichia coli,,120,#/100ml
8/26/2015,11:30:00,CENTBSRR06,8/26/2015 11:30,pH,,8.2,None
8/26/2015,11:30:00,CENTBSRR06,8/26/2015 11:30,Specific conductance,,923,umho/cm
8/26/2015,11:30:00,CENTBSRR06,8/26/2015 11:30,"Temperature, air",,16,deg C
8/26/2015,11:30:00,CENTBSRR06,8/26/2015 11:30,"Temperature, water",,18.18,deg C
8/26/2015,11:30:00,CENTBSRR06,8/26/2015 11:30,Total suspended solids,,69,mg/l
9/8/2015,10:30:00,CENTBSRR06,9/8/2015 10:30,Dissolved oxygen (DO),,11,mg/l
9/8/2015,10:30:00,CENTBSRR06,9/8/2015 10:30,Escherichia coli,,26.4,#/100ml
9/8/2015,10:30:00,CENTBSRR06,9/8/2015 10:30,pH,,8.47,None
9/8/2015,10:30:00,CENTBSRR06,9/8/2015 10:30,Specific conductance,,845,umho/cm
9/8/2015,10:30:00,CENTBSRR06,9/8/2015 10:30,"Temperature, air",,22,deg C
9/8/2015,10:30:00,CENTBSRR06,9/8/2015 10:30,"Temperature, water",,21.98,deg C
9/8/2015,10:30:00,CENTBSRR06,9/8/2015 10:30,Total suspended solids,,90,mg/l
9/23/2015,10:15:00,CENTBSRR06,9/23/2015 10:15,Dissolved oxygen (DO),,9.07,mg/l
9/23/2015,10:15:00,CENTBSRR06,9/23/2015 10:15,Escherichia coli,,22,#/100ml
9/23/2015,10:15:00,CENTBSRR06,9/23/2015 10:15,pH,,8.4,None
9/23/2015,10:15:00,CENTBSRR06,9/23/2015 10:15,Specific conductance,,722,umho/cm
9/23/2015,10:15:00,CENTBSRR06,9/23/2015 10:15,"Temperature, air",,21,deg C
9/23/2015,10:15:00,CENTBSRR06,9/23/2015 10:15,"Temperature, water",,19.74,deg C
9/23/2015,10:15:00,CENTBSRR06,9/23/2015 10:15,Total suspended solids,,80,mg/l
10/7/2015,10:30:00,CENTBSRR06,10/7/2015 10:30,Dissolved oxygen (DO),,12.5,mg/l
10/7/2015,10:30:00,CENTBSRR06,10/7/2015 10:30,Escherichia coli,,77.8,#/100ml
10/7/2015,10:30:00,CENTBSRR06,10/7/2015 10:30,pH,,8.43,None
10/7/2015,10:30:00,CENTBSRR06,10/7/2015 10:30,Specific conductance,,827,umho/cm
10/7/2015,10:30:00,CENTBSRR06,10/7/2015 10:30,"Temperature, air",,14,deg C
10/7/2015,10:30:00,CENTBSRR06,10/7/2015 10:30,"Temperature, water",,12.28,deg C
10/7/2015,10:30:00,CENTBSRR06,10/7/2015 10:30,Total suspended solids,,44,mg/l
10/21/2015,12:00:00,CENTBSRR06,10/21/2015 12:00,Dissolved oxygen (DO),,13.7,mg/l
10/21/2015,12:00:00,CENTBSRR06,10/21/2015 12:00,Escherichia coli,,52.1,#/100ml
10/21/2015,12:00:00,CENTBSRR06,10/21/2015 12:00,pH,,8.35,None
10/21/2015,12:00:00,CENTBSRR06,10/21/2015 12:00,Specific conductance,,863,umho/cm
10/21/2015,12:00:00,CENTBSRR06,10/21/2015 12:00,"Temperature, air",,14,deg C
10/21/2015,12:00:00,CENTBSRR06,10/21/2015 12:00,"Temperature, water",,12.87,deg C
10/21/2015,12:00:00,CENTBSRR06,10/21/2015 12:00,Total suspended solids,,24,mg/l
11/4/2015,11:00:00,CENTBSRR06,11/4/2015 11:00,Dissolved oxygen (DO),,12.3,mg/l
11/4/2015,11:00:00,CENTBSRR06,11/4/2015 11:00,Escherichia coli,,19.7,#/100ml
11/4/2015,11:00:00,CENTBSRR06,11/4/2015 11:00,pH,,8.4,None
11/4/2015,11:00:00,CENTBSRR06,11/4/2015 11:00,Specific conductance,,856,umho/cm
11/4/2015,11:00:00,CENTBSRR06,11/4/2015 11:00,"Temperature, air",,17,deg C
11/4/2015,11:00:00,CENTBSRR06,11/4/2015 11:00,"Temperature, water",,11.39,deg C
11/4/2015,11:00:00,CENTBSRR06,11/4/2015 11:00,Total suspended solids,,39,mg/l
11/17/2015,2:30:00,CENTBSRR06,11/17/2015 2:30,Dissolved oxygen (DO),,13.17,mg/l
11/17/2015,2:30:00,CENTBSRR06,11/17/2015 2:30,Escherichia coli,,236,#/100ml
11/17/2015,2:30:00,CENTBSRR06,11/17/2015 2:30,pH,,8.37,None
11/17/2015,2:30:00,CENTBSRR06,11/17/2015 2:30,Specific conductance,,821,umho/cm
11/17/2015,2:30:00,CENTBSRR06,11/17/2015 2:30,"Temperature, air",,9,deg C
11/17/2015,2:30:00,CENTBSRR06,11/17/2015 2:30,"Temperature, water",,8.9,deg C
11/17/2015,2:30:00,CENTBSRR06,11/17/2015 2:30,Total suspended solids,,18,mg/l
4/11/2016,10:00:00,CENTBSRR06,4/11/2016 10:00,Dissolved oxygen (DO),,12.38,mg/l
4/11/2016,10:00:00,CENTBSRR06,4/11/2016 10:00,Escherichia coli,,2,#/100ml
4/11/2016,10:00:00,CENTBSRR06,4/11/2016 10:00,pH,,8.33,None
4/11/2016,10:00:00,CENTBSRR06,4/11/2016 10:00,Specific conductance,,1077,umho/cm
4/11/2016,10:00:00,CENTBSRR06,4/11/2016 10:00,"Temperature, air",,1,deg C
4/11/2016,10:00:00,CENTBSRR06,4/11/2016 10:00,"Temperature, water",,6,deg C
4/11/2016,10:00:00,CENTBSRR06,4/11/2016 10:00,Total suspended solids,,35,mg/l
4/27/2016,11:30:00,CENTBSRR06,4/27/2016 11:30,Dissolved oxygen (DO),,11.55,mg/l
4/27/2016,11:30:00,CENTBSRR06,4/27/2016 11:30,Escherichia coli,,10,#/100ml
4/27/2016,11:30:00,CENTBSRR06,4/27/2016 11:30,pH,,8.45,None
4/27/2016,11:30:00,CENTBSRR06,4/27/2016 11:30,Specific conductance,,1000,umho/cm
4/27/2016,11:30:00,CENTBSRR06,4/27/2016 11:30,"Temperature, air",,3,deg C
4/27/2016,11:30:00,CENTBSRR06,4/27/2016 11:30,"Temperature, water",,10.68,deg C
4/27/2016,11:30:00,CENTBSRR06,4/27/2016 11:30,Total suspended solids,,37,mg/l
5/12/2016,10:30:00,CENTBSRR06,5/12/2016 10:30,Dissolved oxygen (DO),,9.25,mg/l
5/12/2016,10:30:00,CENTBSRR06,5/12/2016 10:30,Escherichia coli,,3260,#/100ml
5/12/2016,10:30:00,CENTBSRR06,5/12/2016 10:30,pH,,8.18,None
5/12/2016,10:30:00,CENTBSRR06,5/12/2016 10:30,Specific conductance,,991,umho/cm
5/12/2016,10:30:00,CENTBSRR06,5/12/2016 10:30,"Temperature, air",,9,deg C
5/12/2016,10:30:00,CENTBSRR06,5/12/2016 10:30,"Temperature, water",,15.63,deg C
5/12/2016,10:30:00,CENTBSRR06,5/12/2016 10:30,Total suspended solids,,106,mg/l
5/25/2016,10:30:00,CENTBSRR06,5/25/2016 10:30,Dissolved oxygen (DO),,10.62,mg/l
5/25/2016,10:30:00,CENTBSRR06,5/25/2016 10:30,Escherichia coli,,419,#/100ml
5/25/2016,10:30:00,CENTBSRR06,5/25/2016 10:30,pH,,8.38,None
5/25/2016,10:30:00,CENTBSRR06,5/25/2016 10:30,Specific conductance,,988,umho/cm
5/25/2016,10:30:00,CENTBSRR06,5/25/2016 10:30,"Temperature, air",,22,deg C
5/25/2016,10:30:00,CENTBSRR06,5/25/2016 10:30,"Temperature, water",,21.77,deg C
5/25/2016,10:30:00,CENTBSRR06,5/25/2016 10:30,Total suspended solids,,72,mg/l
6/8/2016,10:30:00,CENTBSRR06,6/8/2016 10:30,Dissolved oxygen (DO),,9.32,mg/l
6/8/2016,10:30:00,CENTBSRR06,6/8/2016 10:30,Escherichia coli,,63,#/100ml
6/8/2016,10:30:00,CENTBSRR06,6/8/2016 10:30,pH,,8.34,None
6/8/2016,10:30:00,CENTBSRR06,6/8/2016 10:30,Specific conductance,,1226,umho/cm
6/8/2016,10:30:00,CENTBSRR06,6/8/2016 10:30,"Temperature, air",,18,deg C
6/8/2016,10:30:00,CENTBSRR06,6/8/2016 10:30,"Temperature, water",,20.25,deg C
6/8/2016,10:30:00,CENTBSRR06,6/8/2016 10:30,Total suspended solids,,120,mg/l
6/22/2016,11:00:00,CENTBSRR06,6/22/2016 11:00,Dissolved oxygen (DO),,7.52,mg/l
6/22/2016,11:00:00,CENTBSRR06,6/22/2016 11:00,Escherichia coli,,110,#/100ml
6/22/2016,11:00:00,CENTBSRR06,6/22/2016 11:00,pH,,8.13,None
6/22/2016,11:00:00,CENTBSRR06,6/22/2016 11:00,Specific conductance,,952,umho/cm
6/22/2016,11:00:00,CENTBSRR06,6/22/2016 11:00,"Temperature, air",,26,deg C
6/22/2016,11:00:00,CENTBSRR06,6/22/2016 11:00,"Temperature, water",,25.24,deg C
6/22/2016,11:00:00,CENTBSRR06,6/22/2016 11:00,Total suspended solids,,116,mg/l
7/7/2016,11:10:00,CENTBSRR06,7/7/2016 11:10,Dissolved oxygen (DO),,9.73,mg/l
7/7/2016,11:10:00,CENTBSRR06,7/7/2016 11:10,Escherichia coli,,81.5,#/100ml
7/7/2016,11:10:00,CENTBSRR06,7/7/2016 11:10,pH,,8.53,None
7/7/2016,11:10:00,CENTBSRR06,7/7/2016 11:10,Specific conductance,,872,umho/cm
7/7/2016,11:10:00,CENTBSRR06,7/7/2016 11:10,"Temperature, water",,23.95,deg C
7/7/2016,11:10:00,CENTBSRR06,7/7/2016 11:10,Total suspended solids,,35,mg/l
7/20/2016,11:30:00,CENTBSRR06,7/20/2016 11:30,Dissolved oxygen (DO),,14.87,mg/l
7/20/2016,11:30:00,CENTBSRR06,7/20/2016 11:30,Escherichia coli,,97,#/100ml
7/20/2016,11:30:00,CENTBSRR06,7/20/2016 11:30,pH,,8.69,None
7/20/2016,11:30:00,CENTBSRR06,7/20/2016 11:30,Specific conductance,,696,umho/cm
7/20/2016,11:30:00,CENTBSRR06,7/20/2016 11:30,"Temperature, air",,29,deg C
7/20/2016,11:30:00,CENTBSRR06,7/20/2016 11:30,"Temperature, water",,27.69,deg C
7/20/2016,11:30:00,CENTBSRR06,7/20/2016 11:30,Total suspended solids,,47,mg/l
8/3/2016,1:05:00,CENTBSRR06,8/3/2016 1:05,Dissolved oxygen (DO),,18.21,mg/l
8/3/2016,1:05:00,CENTBSRR06,8/3/2016 1:05,Escherichia coli,,41,#/100ml
8/3/2016,1:05:00,CENTBSRR06,8/3/2016 1:05,pH,,8.95,None
8/3/2016,1:05:00,CENTBSRR06,8/3/2016 1:05,Specific conductance,,823,umho/cm
8/3/2016,1:05:00,CENTBSRR06,8/3/2016 1:05,"Temperature, air",,28,deg C
8/3/2016,1:05:00,CENTBSRR06,8/3/2016 1:05,"Temperature, water",,26.7,deg C
8/3/2016,1:05:00,CENTBSRR06,8/3/2016 1:05,Total suspended solids,,90,mg/l
8/17/2016,10:30:00,CENTBSRR06,8/17/2016 10:30,Dissolved oxygen (DO),,7.25,mg/l
8/17/2016,10:30:00,CENTBSRR06,8/17/2016 10:30,Escherichia coli,,73,#/100ml
8/17/2016,10:30:00,CENTBSRR06,8/17/2016 10:30,pH,,8.03,None
8/17/2016,10:30:00,CENTBSRR06,8/17/2016 10:30,Specific conductance,,721,umho/cm
8/17/2016,10:30:00,CENTBSRR06,8/17/2016 10:30,"Temperature, air",,24,deg C
8/17/2016,10:30:00,CENTBSRR06,8/17/2016 10:30,"Temperature, water",,24.76,deg C
8/17/2016,10:30:00,CENTBSRR06,8/17/2016 10:30,Total suspended solids,,122,mg/l
8/30/2016,9:50:00,CENTBSRR06,8/30/2016 9:50,Dissolved oxygen (DO),,11.22,mg/l
8/30/2016,9:50:00,CENTBSRR06,8/30/2016 9:50,Escherichia coli,,63,#/100ml
8/30/2016,9:50:00,CENTBSRR06,8/30/2016 9:50,pH,,8.37,None
8/30/2016,9:50:00,CENTBSRR06,8/30/2016 9:50,Specific conductance,,887,umho/cm
8/30/2016,9:50:00,CENTBSRR06,8/30/2016 9:50,"Temperature, air",,22,deg C
8/30/2016,9:50:00,CENTBSRR06,8/30/2016 9:50,"Temperature, water",,24.37,deg C
8/30/2016,9:50:00,CENTBSRR06,8/30/2016 9:50,Total suspended solids,,118,mg/l
9/13/2016,10:30:00,CENTBSRR06,9/13/2016 10:30,Dissolved oxygen (DO),,10.95,mg/l
9/13/2016,10:30:00,CENTBSRR06,9/13/2016 10:30,Escherichia coli,,74,#/100ml
9/13/2016,10:30:00,CENTBSRR06,9/13/2016 10:30,pH,,8.53,None
9/13/2016,10:30:00,CENTBSRR06,9/13/2016 10:30,Specific conductance,,890,umho/cm
9/13/2016,10:30:00,CENTBSRR06,9/13/2016 10:30,"Temperature, air",,13,deg C
9/13/2016,10:30:00,CENTBSRR06,9/13/2016 10:30,"Temperature, water",,16.76,deg C
9/13/2016,10:30:00,CENTBSRR06,9/13/2016 10:30,Total suspended solids,,86,mg/l
9/28/2016,10:40:00,CENTBSRR06,9/28/2016 10:40,Dissolved oxygen (DO),,10.98,mg/l
9/28/2016,10:40:00,CENTBSRR06,9/28/2016 10:40,Dissolved oxygen (DO),,10.98,mg/l
9/28/2016,10:40:00,CENTBSRR06,9/28/2016 10:40,Dissolved oxygen (DO),,10.98,mg/l
9/28/2016,10:40:00,CENTBSRR06,9/28/2016 10:40,Escherichia coli,,135,#/100ml
9/28/2016,10:40:00,CENTBSRR06,9/28/2016 10:40,Escherichia coli,,169,#/100ml
9/28/2016,10:40:00,CENTBSRR06,9/28/2016 10:40,Escherichia coli,,,
9/28/2016,10:40:00,CENTBSRR06,9/28/2016 10:40,pH,,8.34,None
9/28/2016,10:40:00,CENTBSRR06,9/28/2016 10:40,pH,,8.34,None
9/28/2016,10:40:00,CENTBSRR06,9/28/2016 10:40,pH,,8.34,None
9/28/2016,10:40:00,CENTBSRR06,9/28/2016 10:40,Specific conductance,,929,umho/cm
9/28/2016,10:40:00,CENTBSRR06,9/28/2016 10:40,Specific conductance,,929,umho/cm
9/28/2016,10:40:00,CENTBSRR06,9/28/2016 10:40,Specific conductance,,929,umho/cm
9/28/2016,10:40:00,CENTBSRR06,9/28/2016 10:40,"Temperature, air",,11,deg C
9/28/2016,10:40:00,CENTBSRR06,9/28/2016 10:40,"Temperature, air",,11,deg C
9/28/2016,10:40:00,CENTBSRR06,9/28/2016 10:40,"Temperature, air",,11,deg C
9/28/2016,10:40:00,CENTBSRR06,9/28/2016 10:40,"Temperature, water",,13.83,deg C
9/28/2016,10:40:00,CENTBSRR06,9/28/2016 10:40,"Temperature, water",,13.83,deg C
9/28/2016,10:40:00,CENTBSRR06,9/28/2016 10:40,"Temperature, water",,13.83,deg C
9/28/2016,10:40:00,CENTBSRR06,9/28/2016 10:40,Total suspended solids,,58,mg/l
9/28/2016,10:40:00,CENTBSRR06,9/28/2016 10:40,Total suspended solids,,56,mg/l
9/28/2016,10:40:00,CENTBSRR06,9/28/2016 10:40,Total suspended solids,,,
10/18/2016,2:45:00,CENTBSRR06,10/18/2016 2:45,Dissolved oxygen (DO),,10.68,mg/l
10/18/2016,2:45:00,CENTBSRR06,10/18/2016 2:45,Escherichia coli,,125,#/100ml
10/18/2016,2:45:00,CENTBSRR06,10/18/2016 2:45,pH,,8.27,None
10/18/2016,2:45:00,CENTBSRR06,10/18/2016 2:45,Specific conductance,,1057,umho/cm
10/18/2016,2:45:00,CENTBSRR06,10/18/2016 2:45,"Temperature, air",,19,deg C
10/18/2016,2:45:00,CENTBSRR06,10/18/2016 2:45,"Temperature, water",,15.27,deg C
10/18/2016,2:45:00,CENTBSRR06,10/18/2016 2:45,Total suspended solids,,49,mg/l
11/2/2016,10:30:00,CENTBSRR06,11/2/2016 10:30,Dissolved oxygen (DO),,12.11,mg/l
11/2/2016,10:30:00,CENTBSRR06,11/2/2016 10:30,Escherichia coli,,35.4,#/100ml
11/2/2016,10:30:00,CENTBSRR06,11/2/2016 10:30,pH,,8.27,None
11/2/2016,10:30:00,CENTBSRR06,11/2/2016 10:30,Specific conductance,,970,umho/cm
11/2/2016,10:30:00,CENTBSRR06,11/2/2016 10:30,"Temperature, air",,11,deg C
11/2/2016,10:30:00,CENTBSRR06,11/2/2016 10:30,"Temperature, water",,9.17,deg C
11/2/2016,10:30:00,CENTBSRR06,11/2/2016 10:30,Total suspended solids,,22,mg/l
11/16/2016,10:20:00,CENTBSRR06,11/16/2016 10:20,Dissolved oxygen (DO),,13.5,mg/l
11/16/2016,10:20:00,CENTBSRR06,11/16/2016 10:20,Escherichia coli,,18.7,#/100ml
11/16/2016,10:20:00,CENTBSRR06,11/16/2016 10:20,pH,,8.18,None
11/16/2016,10:20:00,CENTBSRR06,11/16/2016 10:20,Specific conductance,,930,umho/cm
11/16/2016,10:20:00,CENTBSRR06,11/16/2016 10:20,"Temperature, air",,11,deg C
11/16/2016,10:20:00,CENTBSRR06,11/16/2016 10:20,"Temperature, water",,5.98,deg C
11/16/2016,10:20:00,CENTBSRR06,11/16/2016 10:20,Total suspended solids,,3,mg/l
4/26/2017,10:45:00,CENTBSRR06,4/26/2017 10:45,Dissolved oxygen (DO),,12.7,mg/l
4/26/2017,10:45:00,CENTBSRR06,4/26/2017 10:45,Escherichia coli,,5.2,#/100ml
4/26/2017,10:45:00,CENTBSRR06,4/26/2017 10:45,pH,,8.35,None
4/26/2017,10:45:00,CENTBSRR06,4/26/2017 10:45,Specific conductance,,1136,umho/cm
4/26/2017,10:45:00,CENTBSRR06,4/26/2017 10:45,"Temperature, air",,1,deg C
4/26/2017,10:45:00,CENTBSRR06,4/26/2017 10:45,"Temperature, water",,8.21,deg C
4/26/2017,10:45:00,CENTBSRR06,4/26/2017 10:45,Total suspended solids,,19,mg/l
5/11/2017,10:50:00,CENTBSRR06,5/11/2017 10:50,Dissolved oxygen (DO),,12.1,mg/l
5/11/2017,10:50:00,CENTBSRR06,5/11/2017 10:50,Escherichia coli,,,
5/11/2017,10:50:00,CENTBSRR06,5/11/2017 10:50,pH,,8.46,None
5/11/2017,10:50:00,CENTBSRR06,5/11/2017 10:50,Specific conductance,,1135,umho/cm
5/11/2017,10:50:00,CENTBSRR06,5/11/2017 10:50,"Temperature, air",,16,deg C
5/11/2017,10:50:00,CENTBSRR06,5/11/2017 10:50,"Temperature, water",,16.36,deg C
5/11/2017,10:50:00,CENTBSRR06,5/11/2017 10:50,Total suspended solids,,35,mg/l
5/24/2017,10:30:00,CENTBSRR06,5/24/2017 10:30,Dissolved oxygen (DO),,9.83,mg/l
5/24/2017,10:30:00,CENTBSRR06,5/24/2017 10:30,Escherichia coli,,28.5,#/100ml
5/24/2017,10:30:00,CENTBSRR06,5/24/2017 10:30,pH,,7.98,None
5/24/2017,10:30:00,CENTBSRR06,5/24/2017 10:30,Specific conductance,,1009,umho/cm
5/24/2017,10:30:00,CENTBSRR06,5/24/2017 10:30,"Temperature, air",,14,deg C
5/24/2017,10:30:00,CENTBSRR06,5/24/2017 10:30,"Temperature, water",,11.76,deg C
5/24/2017,10:30:00,CENTBSRR06,5/24/2017 10:30,Total suspended solids,,85,mg/l
6/7/2017,10:50:00,CENTBSRR06,6/7/2017 10:50,Dissolved oxygen (DO),,9.11,mg/l
6/7/2017,10:50:00,CENTBSRR06,6/7/2017 10:50,Escherichia coli,,20,#/100ml
6/7/2017,10:50:00,CENTBSRR06,6/7/2017 10:50,pH,,8.34,None
6/7/2017,10:50:00,CENTBSRR06,6/7/2017 10:50,Specific conductance,,1132,umho/cm
6/7/2017,10:50:00,CENTBSRR06,6/7/2017 10:50,"Temperature, air",,28,deg C
6/7/2017,10:50:00,CENTBSRR06,6/7/2017 10:50,"Temperature, water",,21.95,deg C
6/7/2017,10:50:00,CENTBSRR06,6/7/2017 10:50,Total suspended solids,,76,mg/l
6/21/2017,10:20:00,CENTBSRR06,6/21/2017 10:20,Dissolved oxygen (DO),,11.39,mg/l
6/21/2017,10:20:00,CENTBSRR06,6/21/2017 10:20,Escherichia coli,,52,#/100ml
6/21/2017,10:20:00,CENTBSRR06,6/21/2017 10:20,pH,,8.39,None
6/21/2017,10:20:00,CENTBSRR06,6/21/2017 10:20,Specific conductance,,980,umho/cm
6/21/2017,10:20:00,CENTBSRR06,6/21/2017 10:20,"Temperature, air",,20,deg C
6/21/2017,10:20:00,CENTBSRR06,6/21/2017 10:20,"Temperature, water",,21.38,deg C
6/21/2017,10:20:00,CENTBSRR06,6/21/2017 10:20,Total suspended solids,,98,mg/l
7/5/2017,10:10:00,CENTBSRR06,7/5/2017 10:10,Dissolved oxygen (DO),,10.28,mg/l
7/5/2017,10:10:00,CENTBSRR06,7/5/2017 10:10,Escherichia coli,,84,#/100ml
7/5/2017,10:10:00,CENTBSRR06,7/5/2017 10:10,pH,,8.46,None
7/5/2017,10:10:00,CENTBSRR06,7/5/2017 10:10,Specific conductance,,1053,umho/cm
7/5/2017,10:10:00,CENTBSRR06,7/5/2017 10:10,"Temperature, air",,28,deg C
7/5/2017,10:10:00,CENTBSRR06,7/5/2017 10:10,"Temperature, water",,25.86,deg C
7/5/2017,10:10:00,CENTBSRR06,7/5/2017 10:10,Total suspended solids,,39,mg/l
7/19/2017,10:30:00,CENTBSRR06,7/19/2017 10:30,Dissolved oxygen (DO),,11.44,mg/l
7/19/2017,10:30:00,CENTBSRR06,7/19/2017 10:30,Escherichia coli,,108,#/100ml
7/19/2017,10:30:00,CENTBSRR06,7/19/2017 10:30,pH,,8.9,None
7/19/2017,10:30:00,CENTBSRR06,7/19/2017 10:30,Specific conductance,,775,umho/cm
7/19/2017,10:30:00,CENTBSRR06,7/19/2017 10:30,"Temperature, air",,27,deg C
7/19/2017,10:30:00,CENTBSRR06,7/19/2017 10:30,"Temperature, water",,25.13,deg C
7/19/2017,10:30:00,CENTBSRR06,7/19/2017 10:30,Total suspended solids,,176,mg/l
8/2/2017,10:00:00,CENTBSRR06,8/2/2017 10:00,Dissolved oxygen (DO),,9.89,mg/l
8/2/2017,10:00:00,CENTBSRR06,8/2/2017 10:00,Escherichia coli,,52,#/100ml
8/2/2017,10:00:00,CENTBSRR06,8/2/2017 10:00,pH,,8.52,None
8/2/2017,10:00:00,CENTBSRR06,8/2/2017 10:00,Specific conductance,,918,umho/cm
8/2/2017,10:00:00,CENTBSRR06,8/2/2017 10:00,"Temperature, air",,22,deg C
8/2/2017,10:00:00,CENTBSRR06,8/2/2017 10:00,"Temperature, water",,24.56,deg C
8/2/2017,10:00:00,CENTBSRR06,8/2/2017 10:00,Total suspended solids,,88,mg/l
8/2/2017,10:01:00,CENTBSRR06,8/2/2017 10:01,Dissolved oxygen (DO),,9.89,mg/l
8/2/2017,10:01:00,CENTBSRR06,8/2/2017 10:01,Escherichia coli,,74,#/100ml
8/2/2017,10:01:00,CENTBSRR06,8/2/2017 10:01,pH,,8.52,None
8/2/2017,10:01:00,CENTBSRR06,8/2/2017 10:01,Specific conductance,,918,umho/cm
8/2/2017,10:01:00,CENTBSRR06,8/2/2017 10:01,"Temperature, air",,22,deg C
8/2/2017,10:01:00,CENTBSRR06,8/2/2017 10:01,"Temperature, water",,24.56,deg C
8/2/2017,10:01:00,CENTBSRR06,8/2/2017 10:01,Total suspended solids,,96,mg/l
8/2/2017,10:02:00,CENTBSRR06,8/2/2017 10:02,Dissolved oxygen (DO),,9.89,mg/l
8/2/2017,10:02:00,CENTBSRR06,8/2/2017 10:02,Escherichia coli,,,
8/2/2017,10:02:00,CENTBSRR06,8/2/2017 10:02,pH,,8.52,None
8/2/2017,10:02:00,CENTBSRR06,8/2/2017 10:02,Specific conductance,,918,umho/cm
8/2/2017,10:02:00,CENTBSRR06,8/2/2017 10:02,"Temperature, air",,22,deg C
8/2/2017,10:02:00,CENTBSRR06,8/2/2017 10:02,"Temperature, water",,24.56,deg C
8/2/2017,10:02:00,CENTBSRR06,8/2/2017 10:02,Total suspended solids,,,
8/16/2017,10:00:00,CENTBSRR06,8/16/2017 10:00,Dissolved oxygen (DO),,10.16,mg/l
8/16/2017,10:00:00,CENTBSRR06,8/16/2017 10:00,Escherichia coli,,52,#/100ml
8/16/2017,10:00:00,CENTBSRR06,8/16/2017 10:00,pH,,8.44,None
8/16/2017,10:00:00,CENTBSRR06,8/16/2017 10:00,Specific conductance,,815,umho/cm
8/16/2017,10:00:00,CENTBSRR06,8/16/2017 10:00,"Temperature, air",,20,deg C
8/16/2017,10:00:00,CENTBSRR06,8/16/2017 10:00,"Temperature, water",,20.81,deg C
8/16/2017,10:00:00,CENTBSRR06,8/16/2017 10:00,Total suspended solids,,124,mg/l
8/29/2017,10:35:00,CENTBSRR06,8/29/2017 10:35,Dissolved oxygen (DO),,8.35,mg/l
8/29/2017,10:35:00,CENTBSRR06,8/29/2017 10:35,Escherichia coli,,301,#/100ml
8/29/2017,10:35:00,CENTBSRR06,8/29/2017 10:35,pH,,8.13,None
8/29/2017,10:35:00,CENTBSRR06,8/29/2017 10:35,Specific conductance,,770,umho/cm
8/29/2017,10:35:00,CENTBSRR06,8/29/2017 10:35,"Temperature, air",,23,deg C
8/29/2017,10:35:00,CENTBSRR06,8/29/2017 10:35,"Temperature, water",,21.39,deg C
8/29/2017,10:35:00,CENTBSRR06,8/29/2017 10:35,Total suspended solids,,102,mg/l
9/12/2017,10:25:00,CENTBSRR06,9/12/2017 10:25,Dissolved oxygen (DO),,11.33,mg/l
9/12/2017,10:25:00,CENTBSRR06,9/12/2017 10:25,Escherichia coli,,,
9/12/2017,10:25:00,CENTBSRR06,9/12/2017 10:25,pH,,8.28,None
9/12/2017,10:25:00,CENTBSRR06,9/12/2017 10:25,Specific conductance,,946,umho/cm
9/12/2017,10:25:00,CENTBSRR06,9/12/2017 10:25,"Temperature, air",,23,deg C
9/12/2017,10:25:00,CENTBSRR06,9/12/2017 10:25,"Temperature, water",,20.79,deg C
9/12/2017,10:25:00,CENTBSRR06,9/12/2017 10:25,Total suspended solids,,32,mg/l
9/26/2017,11:40:00,CENTBSRR06,9/26/2017 11:40,Dissolved oxygen (DO),,9.54,mg/l
9/26/2017,11:40:00,CENTBSRR06,9/26/2017 11:40,Escherichia coli,,1150,#/100ml
9/26/2017,11:40:00,CENTBSRR06,9/26/2017 11:40,pH,,7.88,None
9/26/2017,11:40:00,CENTBSRR06,9/26/2017 11:40,Specific conductance,,745,umho/cm
9/26/2017,11:40:00,CENTBSRR06,9/26/2017 11:40,"Temperature, air",,12,deg C
9/26/2017,11:40:00,CENTBSRR06,9/26/2017 11:40,"Temperature, water",,15.52,deg C
9/26/2017,11:40:00,CENTBSRR06,9/26/2017 11:40,Total suspended solids,,148,mg/l
9/26/2017,11:41:00,CENTBSRR06,9/26/2017 11:41,Dissolved oxygen (DO),,9.54,mg/l
9/26/2017,11:41:00,CENTBSRR06,9/26/2017 11:41,Escherichia coli,,933,#/100ml
9/26/2017,11:41:00,CENTBSRR06,9/26/2017 11:41,pH,,7.88,None
9/26/2017,11:41:00,CENTBSRR06,9/26/2017 11:41,Specific conductance,,745,umho/cm
9/26/2017,11:41:00,CENTBSRR06,9/26/2017 11:41,"Temperature, air",,12,deg C
9/26/2017,11:41:00,CENTBSRR06,9/26/2017 11:41,"Temperature, water",,15.52,deg C
9/26/2017,11:41:00,CENTBSRR06,9/26/2017 11:41,Total suspended solids,,144,mg/l
9/26/2017,11:42:00,CENTBSRR06,9/26/2017 11:42,Dissolved oxygen (DO),,9.54,mg/l
9/26/2017,11:42:00,CENTBSRR06,9/26/2017 11:42,Escherichia coli,,,
9/26/2017,11:42:00,CENTBSRR06,9/26/2017 11:42,pH,,7.88,None
9/26/2017,11:42:00,CENTBSRR06,9/26/2017 11:42,Specific conductance,,745,umho/cm
9/26/2017,11:42:00,CENTBSRR06,9/26/2017 11:42,"Temperature, air",,12,deg C
9/26/2017,11:42:00,CENTBSRR06,9/26/2017 11:42,"Temperature, water",,15.52,deg C
9/26/2017,11:42:00,CENTBSRR06,9/26/2017 11:42,Total suspended solids,,,
10/10/2017,2:00:00,CENTBSRR06,10/10/2017 2:00,Dissolved oxygen (DO),,8.53,mg/l
10/10/2017,2:00:00,CENTBSRR06,10/10/2017 2:00,Escherichia coli,,189,#/100ml
10/10/2017,2:00:00,CENTBSRR06,10/10/2017 2:00,pH,,7.94,None
10/10/2017,2:00:00,CENTBSRR06,10/10/2017 2:00,Specific conductance,,869,umho/cm
10/10/2017,2:00:00,CENTBSRR06,10/10/2017 2:00,"Temperature, air",,10,deg C
10/10/2017,2:00:00,CENTBSRR06,10/10/2017 2:00,"Temperature, water",,11.01,deg C
10/10/2017,2:00:00,CENTBSRR06,10/10/2017 2:00,Total suspended solids,,51,mg/l
10/25/2017,10:30:00,CENTBSRR06,10/25/2017 10:30,Dissolved oxygen (DO),,11.76,mg/l
10/25/2017,10:30:00,CENTBSRR06,10/25/2017 10:30,Escherichia coli,,58.1,#/100ml
10/25/2017,10:30:00,CENTBSRR06,10/25/2017 10:30,pH,,8.15,None
10/25/2017,10:30:00,CENTBSRR06,10/25/2017 10:30,Specific conductance,,1041,umho/cm
10/25/2017,10:30:00,CENTBSRR06,10/25/2017 10:30,"Temperature, air",,11,deg C
10/25/2017,10:30:00,CENTBSRR06,10/25/2017 10:30,"Temperature, water",,7.59,deg C
10/25/2017,10:30:00,CENTBSRR06,10/25/2017 10:30,Total suspended solids,,25,mg/l
11/8/2017,11:05:00,CENTBSRR06,11/8/2017 11:05,Dissolved oxygen (DO),,14.52,mg/l
11/8/2017,11:05:00,CENTBSRR06,11/8/2017 11:05,Escherichia coli,,29.2,#/100ml
11/8/2017,11:05:00,CENTBSRR06,11/8/2017 11:05,pH,,8.17,None
11/8/2017,11:05:00,CENTBSRR06,11/8/2017 11:05,Specific conductance,,1017,umho/cm
11/8/2017,11:05:00,CENTBSRR06,11/8/2017 11:05,"Temperature, air",,2,deg C
11/8/2017,11:05:00,CENTBSRR06,11/8/2017 11:05,"Temperature, water",,1.24,deg C
11/8/2017,11:05:00,CENTBSRR06,11/8/2017 11:05,Total suspended solids,,29,mg/l
10/31/2018,11:40:00 AM,CENTBSRR06,10/31/2018 11:40,Dissolved oxygen (DO),,13.92,mg/L
10/17/2018,3:00:00 PM,CENTBSRR06,10/17/2018 15:00,Dissolved oxygen (DO),,13.14,mg/L
09/26/2018,11:45:00 AM,CENTBSRR06,9/26/2018 11:45,Dissolved oxygen (DO),,9.41,mg/L
09/12/2018,11:50:00 AM,CENTBSRR06,9/12/2018 11:50,Dissolved oxygen (DO),,11.15,mg/L
08/28/2018,11:40:00 AM,CENTBSRR06,8/28/2018 11:40,Dissolved oxygen (DO),,8.66,mg/L
08/15/2018,11:10:00 AM,CENTBSRR06,8/15/2018 11:10,Dissolved oxygen (DO),,10.78,mg/L
08/01/2018,10:20:00 AM,CENTBSRR06,8/1/2018 10:20,Dissolved oxygen (DO),,9.73,mg/L
07/18/2018,10:27:00 AM,CENTBSRR06,7/18/2018 10:27,Dissolved oxygen (DO),,6.90,mg/L
07/18/2018,10:26:00 AM,CENTBSRR06,7/18/2018 10:26,Dissolved oxygen (DO),,6.90,mg/L
07/18/2018,10:25:00 AM,CENTBSRR06,7/18/2018 10:25,Dissolved oxygen (DO),,6.90,mg/L
07/05/2018,10:30:00 AM,CENTBSRR06,7/5/2018 10:30,Dissolved oxygen (DO),,5.90,mg/L
06/19/2018,10:00:00 AM,CENTBSRR06,6/19/2018 10:00,Dissolved oxygen (DO),,7.03,mg/L
06/06/2018,10:32:00 AM,CENTBSRR06,6/6/2018 10:32,Dissolved oxygen (DO),,7.97,mg/L
06/06/2018,10:31:00 AM,CENTBSRR06,6/6/2018 10:31,Dissolved oxygen (DO),,7.97,mg/L
06/06/2018,10:30:00 AM,CENTBSRR06,6/6/2018 10:30,Dissolved oxygen (DO),,7.97,mg/L
05/24/2018,10:50:00 AM,CENTBSRR06,5/24/2018 10:50,Dissolved oxygen (DO),,8.42,mg/L
05/09/2018,10:35:00 AM,CENTBSRR06,5/9/2018 10:35,Dissolved oxygen (DO),,8.77,mg/L
10/31/2018,11:40:00 AM,CENTBSRR06,10/31/2018 11:40,pH,,8.39,none
10/17/2018,3:00:00 PM,CENTBSRR06,10/17/2018 15:00,pH,,8.21,none
09/26/2018,11:45:00 AM,CENTBSRR06,9/26/2018 11:45,pH,,8.13,none
09/12/2018,11:50:00 AM,CENTBSRR06,9/12/2018 11:50,pH,,8.52,none
08/28/2018,11:40:00 AM,CENTBSRR06,8/28/2018 11:40,pH,,8.38,none
08/15/2018,11:10:00 AM,CENTBSRR06,8/15/2018 11:10,pH,,8.53,none
08/01/2018,10:20:00 AM,CENTBSRR06,8/1/2018 10:20,pH,,8.19,none
07/18/2018,10:27:00 AM,CENTBSRR06,7/18/2018 10:27,pH,,8.16,none
07/18/2018,10:26:00 AM,CENTBSRR06,7/18/2018 10:26,pH,,8.16,none
07/18/2018,10:25:00 AM,CENTBSRR06,7/18/2018 10:25,pH,,8.16,none
07/05/2018,10:30:00 AM,CENTBSRR06,7/5/2018 10:30,pH,,7.97,none
06/19/2018,10:00:00 AM,CENTBSRR06,6/19/2018 10:00,pH,,8.07,none
06/06/2018,10:32:00 AM,CENTBSRR06,6/6/2018 10:32,pH,,8.2,none
06/06/2018,10:31:00 AM,CENTBSRR06,6/6/2018 10:31,pH,,8.2,none
06/06/2018,10:30:00 AM,CENTBSRR06,6/6/2018 10:30,pH,,8.2,none
05/24/2018,10:50:00 AM,CENTBSRR06,5/24/2018 10:50,pH,,8.14,none
05/09/2018,10:35:00 AM,CENTBSRR06,5/9/2018 10:35,pH,,8.01,none
10/31/2018,11:40:00 AM,CENTBSRR06,10/31/2018 11:40,Specific conductance,,1097,umhos/cm
10/17/2018,3:00:00 PM,CENTBSRR06,10/17/2018 15:00,Specific conductance,,1082,umhos/cm
09/26/2018,11:45:00 AM,CENTBSRR06,9/26/2018 11:45,Specific conductance,,917,umhos/cm
09/12/2018,11:50:00 AM,CENTBSRR06,9/12/2018 11:50,Specific conductance,,1068,umhos/cm
08/28/2018,11:40:00 AM,CENTBSRR06,8/28/2018 11:40,Specific conductance,,1046,umhos/cm
08/15/2018,11:10:00 AM,CENTBSRR06,8/15/2018 11:10,Specific conductance,,1031,umhos/cm
08/01/2018,10:20:00 AM,CENTBSRR06,8/1/2018 10:20,Specific conductance,,1066,umhos/cm
07/18/2018,10:27:00 AM,CENTBSRR06,7/18/2018 10:27,Specific conductance,,1085,umhos/cm
07/18/2018,10:26:00 AM,CENTBSRR06,7/18/2018 10:26,Specific conductance,,1085,umhos/cm
07/18/2018,10:25:00 AM,CENTBSRR06,7/18/2018 10:25,Specific conductance,,1085,umhos/cm
07/05/2018,10:30:00 AM,CENTBSRR06,7/5/2018 10:30,Specific conductance,,743,umhos/cm
06/19/2018,10:00:00 AM,CENTBSRR06,6/19/2018 10:00,Specific conductance,,990,umhos/cm
06/06/2018,10:32:00 AM,CENTBSRR06,6/6/2018 10:32,Specific conductance,,1074,umhos/cm
06/06/2018,10:31:00 AM,CENTBSRR06,6/6/2018 10:31,Specific conductance,,1074,umhos/cm
06/06/2018,10:30:00 AM,CENTBSRR06,6/6/2018 10:30,Specific conductance,,1074,umhos/cm
05/24/2018,10:50:00 AM,CENTBSRR06,5/24/2018 10:50,Specific conductance,,1015,umhos/cm
05/09/2018,10:35:00 AM,CENTBSRR06,5/9/2018 10:35,Specific conductance,,836,umhos/cm
10/31/2018,11:40:00 AM,CENTBSRR06,10/31/2018 11:40,"Temperature, air",,10,deg C
10/17/2018,3:00:00 PM,CENTBSRR06,10/17/2018 15:00,"Temperature, air",,12,deg C
09/26/2018,11:45:00 AM,CENTBSRR06,9/26/2018 11:45,"Temperature, air",,13,deg C
09/12/2018,11:50:00 AM,CENTBSRR06,9/12/2018 11:50,"Temperature, air",,27,deg C
08/28/2018,11:40:00 AM,CENTBSRR06,8/28/2018 11:40,"Temperature, air",,15,deg C
08/15/2018,11:10:00 AM,CENTBSRR06,8/15/2018 11:10,"Temperature, air",,24,deg C
08/01/2018,10:20:00 AM,CENTBSRR06,8/1/2018 10:20,"Temperature, air",,20,deg C
07/18/2018,10:27:00 AM,CENTBSRR06,7/18/2018 10:27,"Temperature, air",,25,deg C
07/18/2018,10:26:00 AM,CENTBSRR06,7/18/2018 10:26,"Temperature, air",,25,deg C
07/18/2018,10:25:00 AM,CENTBSRR06,7/18/2018 10:25,"Temperature, air",,25,deg C
07/05/2018,10:30:00 AM,CENTBSRR06,7/5/2018 10:30,"Temperature, air",,25,deg C
06/19/2018,10:00:00 AM,CENTBSRR06,6/19/2018 10:00,"Temperature, air",,19,deg C
06/06/2018,10:32:00 AM,CENTBSRR06,6/6/2018 10:32,"Temperature, air",,25,deg C
06/06/2018,10:31:00 AM,CENTBSRR06,6/6/2018 10:31,"Temperature, air",,25,deg C
06/06/2018,10:30:00 AM,CENTBSRR06,6/6/2018 10:30,"Temperature, air",,25,deg C
05/24/2018,10:50:00 AM,CENTBSRR06,5/24/2018 10:50,"Temperature, air",,25,deg C
05/09/2018,10:35:00 AM,CENTBSRR06,5/9/2018 10:35,"Temperature, air",,13,deg C
10/31/2018,11:40:00 AM,CENTBSRR06,10/31/2018 11:40,"Temperature, water",,7.37,deg C
10/17/2018,3:00:00 PM,CENTBSRR06,10/17/2018 15:00,"Temperature, water",,6.25,deg C
09/26/2018,11:45:00 AM,CENTBSRR06,9/26/2018 11:45,"Temperature, water",,13.41,deg C
09/12/2018,11:50:00 AM,CENTBSRR06,9/12/2018 11:50,"Temperature, water",,21.44,deg C
08/28/2018,11:40:00 AM,CENTBSRR06,8/28/2018 11:40,"Temperature, water",,21.12,deg C
08/15/2018,11:10:00 AM,CENTBSRR06,8/15/2018 11:10,"Temperature, water",,24,deg C
08/01/2018,10:20:00 AM,CENTBSRR06,8/1/2018 10:20,"Temperature, water",,22.62,deg C
07/18/2018,10:27:00 AM,CENTBSRR06,7/18/2018 10:27,"Temperature, water",,24.75,deg C
07/18/2018,10:26:00 AM,CENTBSRR06,7/18/2018 10:26,"Temperature, water",,24.75,deg C
07/18/2018,10:25:00 AM,CENTBSRR06,7/18/2018 10:25,"Temperature, water",,24.75,deg C
07/05/2018,10:30:00 AM,CENTBSRR06,7/5/2018 10:30,"Temperature, water",,24.61,deg C
06/19/2018,10:00:00 AM,CENTBSRR06,6/19/2018 10:00,"Temperature, water",,22.01,deg C
06/06/2018,10:32:00 AM,CENTBSRR06,6/6/2018 10:32,"Temperature, water",,23.71,deg C
06/06/2018,10:31:00 AM,CENTBSRR06,6/6/2018 10:31,"Temperature, water",,23.71,deg C
06/06/2018,10:30:00 AM,CENTBSRR06,6/6/2018 10:30,"Temperature, water",,23.71,deg C
05/24/2018,10:50:00 AM,CENTBSRR06,5/24/2018 10:50,"Temperature, water",,20.32,deg C
05/09/2018,10:35:00 AM,CENTBSRR06,5/9/2018 10:35,"Temperature, water",,18.13,deg C
10/31/2018,11:40:00 AM,CENTBSRR06,10/31/2018 11:40,Total suspended solids,,27,mg/L
10/17/2018,3:00:00 PM,CENTBSRR06,10/17/2018 15:00,Total suspended solids,,38,mg/L
09/26/2018,11:45:00 AM,CENTBSRR06,9/26/2018 11:45,Total suspended solids,,56,mg/L
09/12/2018,11:50:00 AM,CENTBSRR06,9/12/2018 11:50,Total suspended solids,,72,mg/L
08/28/2018,11:40:00 AM,CENTBSRR06,8/28/2018 11:40,Total suspended solids,,84,mg/L
08/15/2018,11:10:00 AM,CENTBSRR06,8/15/2018 11:10,Total suspended solids,,82,mg/L
08/01/2018,10:20:00 AM,CENTBSRR06,8/1/2018 10:20,Total suspended solids,,52,mg/L
07/18/2018,10:27:00 AM,CENTBSRR06,7/18/2018 10:27,Total suspended solids,,0,mg/L
07/18/2018,10:26:00 AM,CENTBSRR06,7/18/2018 10:26,Total suspended solids,,108,mg/L
07/18/2018,10:25:00 AM,CENTBSRR06,7/18/2018 10:25,Total suspended solids,,118,mg/L
07/05/2018,10:30:00 AM,CENTBSRR06,7/5/2018 10:30,Total suspended solids,,70,mg/L
06/19/2018,10:00:00 AM,CENTBSRR06,6/19/2018 10:00,Total suspended solids,,116,mg/L
06/06/2018,10:32:00 AM,CENTBSRR06,6/6/2018 10:32,Total suspended solids,,0,mg/L
06/06/2018,10:31:00 AM,CENTBSRR06,6/6/2018 10:31,Total suspended solids,,51,mg/L
06/06/2018,10:30:00 AM,CENTBSRR06,6/6/2018 10:30,Total suspended solids,,54,mg/L
05/24/2018,10:50:00 AM,CENTBSRR06,5/24/2018 10:50,Total suspended solids,,40,mg/L
05/09/2018,10:35:00 AM,CENTBSRR06,5/9/2018 10:35,Total suspended solids,,35,mg/L
10/31/2018,11:40:00 AM,CENTBSRR06,10/31/2018 11:40,Dissolved oxygen (DO),,13.92,mg/L
10/17/2018,3:00:00 PM,CENTBSRR06,10/17/2018 15:00,Dissolved oxygen (DO),,13.14,mg/L
09/26/2018,11:45:00 AM,CENTBSRR06,9/26/2018 11:45,Dissolved oxygen (DO),,9.41,mg/L
09/12/2018,11:50:00 AM,CENTBSRR06,9/12/2018 11:50,Dissolved oxygen (DO),,11.15,mg/L
08/28/2018,11:40:00 AM,CENTBSRR06,8/28/2018 11:40,Dissolved oxygen (DO),,8.66,mg/L
08/15/2018,11:10:00 AM,CENTBSRR06,8/15/2018 11:10,Dissolved oxygen (DO),,10.78,mg/L
08/01/2018,10:20:00 AM,CENTBSRR06,8/1/2018 10:20,Dissolved oxygen (DO),,9.73,mg/L
07/18/2018,10:27:00 AM,CENTBSRR06,7/18/2018 10:27,Dissolved oxygen (DO),,6.9,mg/L
07/18/2018,10:26:00 AM,CENTBSRR06,7/18/2018 10:26,Dissolved oxygen (DO),,6.9,mg/L
07/18/2018,10:25:00 AM,CENTBSRR06,7/18/2018 10:25,Dissolved oxygen (DO),,6.9,mg/L
07/05/2018,10:30:00 AM,CENTBSRR06,7/5/2018 10:30,Dissolved oxygen (DO),,5.9,mg/L
06/19/2018,10:00:00 AM,CENTBSRR06,6/19/2018 10:00,Dissolved oxygen (DO),,7.03,mg/L
06/06/2018,10:32:00 AM,CENTBSRR06,6/6/2018 10:32,Dissolved oxygen (DO),,7.97,mg/L
06/06/2018,10:31:00 AM,CENTBSRR06,6/6/2018 10:31,Dissolved oxygen (DO),,7.97,mg/L
06/06/2018,10:30:00 AM,CENTBSRR06,6/6/2018 10:30,Dissolved oxygen (DO),,7.97,mg/L
05/24/2018,10:50:00 AM,CENTBSRR06,5/24/2018 10:50,Dissolved oxygen (DO),,8.42,mg/L
05/09/2018,10:35:00 AM,CENTBSRR06,5/9/2018 10:35,Dissolved oxygen (DO),,8.77,mg/L
10/31/2018,11:40:00 AM,CENTBSRR06,10/31/2018 11:40,Escherichia coli,,25.3,#/100ml
10/17/2018,3:00:00 PM,CENTBSRR06,10/17/2018 15:00,Escherichia coli,,101,#/100ml
09/26/2018,11:45:00 AM,CENTBSRR06,9/26/2018 11:45,Escherichia coli,,557,#/100ml
09/12/2018,11:50:00 AM,CENTBSRR06,9/12/2018 11:50,Escherichia coli,,143,#/100ml
08/28/2018,11:40:00 AM,CENTBSRR06,8/28/2018 11:40,Escherichia coli,,73,#/100ml
08/15/2018,11:10:00 AM,CENTBSRR06,8/15/2018 11:10,Escherichia coli,,41,#/100ml
08/01/2018,10:20:00 AM,CENTBSRR06,8/1/2018 10:20,Escherichia coli,,17.5,#/100ml
07/18/2018,10:27:00 AM,CENTBSRR06,7/18/2018 10:27,Escherichia coli,,0,#/100ml
07/18/2018,10:26:00 AM,CENTBSRR06,7/18/2018 10:26,Escherichia coli,,30,#/100ml
07/18/2018,10:25:00 AM,CENTBSRR06,7/18/2018 10:25,Escherichia coli,,31,#/100ml
07/05/2018,10:30:00 AM,CENTBSRR06,7/5/2018 10:30,Escherichia coli,,546,#/100ml
06/19/2018,10:00:00 AM,CENTBSRR06,6/19/2018 10:00,Escherichia coli,,3870,#/100ml
06/06/2018,10:32:00 AM,CENTBSRR06,6/6/2018 10:32,Escherichia coli,,0,#/100ml
06/06/2018,10:31:00 AM,CENTBSRR06,6/6/2018 10:31,Escherichia coli,,73,#/100ml
06/06/2018,10:30:00 AM,CENTBSRR06,6/6/2018 10:30,Escherichia coli,,86,#/100ml
05/24/2018,10:50:00 AM,CENTBSRR06,5/24/2018 10:50,Escherichia coli,,579,#/100ml
05/09/2018,10:35:00 AM,CENTBSRR06,5/9/2018 10:35,Escherichia coli,,4.1,#/100ml
